Image,Global_Rule,Total_Leakage_(%),Sparsity,Heatmap_Entropy,Execution_Time,Structure-Tolerance_Add,Structure-Tolerance_Padding,Structure-Tolerance_Gap
n03950228_34570_pitcher.jpg,z_plus,99.31792298107433,0.9353139226630575,11.36257,16.74583911895752,,,0.00024547257817878414
n03950228_34570_pitcher.jpg,epsilon,101.12223857357318,0.08011841776564767,10.797853,21.85429358482361,,,38.56141588697948
n03950228_34570_pitcher.jpg,alpha_beta,73444490.05066107,2.982815255608625e-05,5.917192,37.98448181152344,,,0.001426078787514841
n03950228_34570_pitcher.jpg,composite,326.76641452614643,0.23315921149278718,9.416194,38.859675884246826,,,86.256100767331
n02129604_9026_tiger.jpg,z_plus,97.23387058496785,0.7543614351815603,11.444652,4.46335768699646,,,0.0031148674996981634
n02129604_9026_tiger.jpg,epsilon,98.95266759962868,0.053157496374015206,11.037342,1.6649892330169678,,,6.147768926322509
n02129604_9026_tiger.jpg,alpha_beta,2271749960.9180207,0.0,5.7012467,6.676651477813721,,,0.006396253073279562
n02129604_9026_tiger.jpg,composite,3693.8492151804985,0.020704466392993368,10.741002,5.492373943328857,,,39.6494814398057
n01662784_2198_turtle.jpg,z_plus,96.18691152262423,0.7587648162026525,11.188216,4.214372396469116,,,0.0025818579847842306
n01662784_2198_turtle.jpg,epsilon,99.91911487612964,0.048873427963147316,10.751039,1.9470851421356201,,,10.593720933790564
n01662784_2198_turtle.jpg,alpha_beta,6188920.598769895,0.0,9.787093,7.341204643249512,,,0.02307971698560498
n01662784_2198_turtle.jpg,composite,9194.109264253188,0.014880519606417527,9.08419,5.259977579116821,,,53.99062791873375
n04254120_621_soap_dispenser.jpg,z_plus,98.45177555896342,0.8973053992684645,11.283455,4.0604612827301025,,,0.005050015710515589
n04254120_621_soap_dispenser.jpg,epsilon,95.3003417830748,0.062381852551984876,10.579358,1.6389822959899902,,,6.612631845275044
n04254120_621_soap_dispenser.jpg,alpha_beta,43822686.25492524,3.728519069510781e-06,8.199219,6.912081003189087,,,0.0005903984964277098
n04254120_621_soap_dispenser.jpg,composite,3819.5918614740713,0.22121303639407464,10.149787,5.36069917678833,,,41.43854702528356
n02787622_3030_banjo.jpg,z_plus,95.90337876065304,0.6329906824308453,11.235754,4.269943475723267,,,0.002326599044881808
n02787622_3030_banjo.jpg,epsilon,96.72274904781307,0.04798976894367326,10.014214,1.749903917312622,,,34.227044480739885
n02787622_3030_banjo.jpg,alpha_beta,204721.2015434872,0.0,7.4636135,6.773990154266357,,,0.003305709476269569
n02787622_3030_banjo.jpg,composite,16853.13071062271,0.0057195482526295385,10.2506485,5.5257182121276855,,,83.8819514171821
n02691156_2138_airplane.jpg,z_plus,95.66325773520168,0.7791001592077643,10.831311,4.13771915435791,,,0.10373004693867462
n02691156_2138_airplane.jpg,epsilon,100.59988066318314,0.02801982080737352,11.0171795,1.6696529388427734,,,7.219871871805175
n02691156_2138_airplane.jpg,alpha_beta,405181004.596016,0.0,7.408079,7.000808477401733,,,0.22882038618100634
n02691156_2138_airplane.jpg,composite,35205.096893142094,0.11303751263035834,10.027731,5.365255117416382,,,43.83055195345945
n02484322_3182_monkey.jpg,z_plus,96.685670282626,0.7032881809674015,11.493523,4.2199788093566895,,,0.00165952069102019
n02484322_3182_monkey.jpg,epsilon,100.99744985808236,0.06196798693526918,10.303171,1.6361174583435059,,,4.305071028749646
n02484322_3182_monkey.jpg,alpha_beta,3773025.1269231522,0.0,7.2628217,6.637475490570068,,,0.009348187118367764
n02484322_3182_monkey.jpg,composite,3936.8246260096134,0.015365227085453929,10.983064,5.69971489906311,,,30.99540327543926
n02274259_3025_butterfly.jpg,z_plus,92.29881520705509,0.6125360268155091,11.409574,3.984367847442627,,,0.0016446973063616844
n02274259_3025_butterfly.jpg,epsilon,98.67783810269357,0.033925795013478595,10.654817,1.6307401657104492,,,1.515172875086508
n02274259_3025_butterfly.jpg,alpha_beta,178175395.76831424,0.0,9.265908,6.586101770401001,,,0.023387234224527684
n02274259_3025_butterfly.jpg,composite,42737.46090174535,0.012658322240989102,11.06756,5.211261034011841,,,13.184354484512978
n04252225_8055_snowplow.jpg,z_plus,97.86476759298161,0.8099722971033135,11.274502,4.180895566940308,,,0.018717183310913703
n04252225_8055_snowplow.jpg,epsilon,100.5997288167656,0.043090494886336095,10.91472,1.644545555114746,,,20.49185816527233
n04252225_8055_snowplow.jpg,alpha_beta,47529626.165556625,0.0,8.401472,6.7112510204315186,,,0.03533858293840725
n04252225_8055_snowplow.jpg,composite,1869.4042647641486,0.01580146381658669,10.525646,5.156023025512695,,,72.13092506189808
n02121808_538_domestic_cat.jpg,z_plus,97.62513484695043,0.7931119338709858,11.506268,3.8936657905578613,,,0.004813461208594899
n02121808_538_domestic_cat.jpg,epsilon,96.23804479930946,0.05150576242622193,10.693327,1.6831698417663574,,,56.07912284493024
n02121808_538_domestic_cat.jpg,alpha_beta,26432803.500470635,0.0,7.948631,6.523122787475586,,,0.009306025003283471
n02121808_538_domestic_cat.jpg,composite,2969.249810417569,0.031017550139260188,10.614833,5.145709276199341,,,92.73550184996152
n04026417_1879_purse.jpg,z_plus,96.93396612572943,0.7619862566787098,11.584082,4.0407633781433105,,,0.013248285033631027
n04026417_1879_purse.jpg,epsilon,101.23073378511438,0.08466348251138131,10.784487,1.6152503490447998,,,2.9849440228139636
n04026417_1879_purse.jpg,alpha_beta,4347716.416421379,3.728519069510781e-06,9.818605,6.570934057235718,,,0.025424349467832383
n04026417_1879_purse.jpg,composite,5339.83160409886,0.0156672371300843,10.33872,5.180035829544067,,,23.386230754006316
n04254120_4148_soap_dispenser.jpg,z_plus,96.7065005215298,0.7948680663527253,10.685405,4.0671350955963135,,,0.03968007099471493
n04254120_4148_soap_dispenser.jpg,epsilon,102.05863040959771,0.010920832354597078,10.858056,1.620976209640503,,,3.9149910923172695
n04254120_4148_soap_dispenser.jpg,alpha_beta,271231929.9471664,0.0,9.367401,6.609553813934326,,,0.05679988537642631
n04254120_4148_soap_dispenser.jpg,composite,27973.114139652746,0.01722948662020932,9.583306,5.11225152015686,,,28.61784640290526
n07695742_612_pretzel.jpg,z_plus,97.15921035777009,0.7349694075010347,11.419652,4.097516059875488,,,0.022156173350298666
n07695742_612_pretzel.jpg,epsilon,100.83889994120364,0.02348594161884841,11.036186,1.6212272644042969,,,1.8318368397574731
n07695742_612_pretzel.jpg,alpha_beta,7332539.659142187,0.0,9.183019,6.5876288414001465,,,0.023945794884539837
n07695742_612_pretzel.jpg,composite,3588.152631202008,0.0007792604855277532,11.046355,5.251554012298584,,,15.574829178853545
n03642806_7780_laptop.jpg,z_plus,97.44004925536377,0.7644508077836564,11.334096,4.515285491943359,,,0.0001367014501561332
n03642806_7780_laptop.jpg,epsilon,100.7237414850172,0.06350786531097713,10.543835,1.6835780143737793,,,51.27125565994862
n03642806_7780_laptop.jpg,alpha_beta,89097.1767355175,1.1185557208532343e-05,8.53254,6.878454923629761,,,0.008075149948508725
n03642806_7780_laptop.jpg,composite,2923.7846395253123,0.13822365894490368,10.720569,5.440495252609253,,,91.30838614606621
n02076196_1965_seal.jpg,z_plus,97.20538849934984,0.8001662919505002,11.364366,4.155375957489014,,,0.0016609529149470862
n02076196_1965_seal.jpg,epsilon,100.94836117330728,0.05333646528935172,10.6719885,1.621760606765747,,,3.6258267713244905
n02076196_1965_seal.jpg,alpha_beta,843395.2572046848,0.0,7.9744625,6.919925689697266,,,0.012975497939586635
n02076196_1965_seal.jpg,composite,3412.9234025420333,0.031502257618296586,10.393062,5.199470520019531,,,27.237353748792287
n03793489_3923_computer_mouse.jpg,z_plus,96.63850655683667,0.7755767086870766,11.43551,4.107962369918823,,,0.004564215572903434
n03793489_3923_computer_mouse.jpg,epsilon,98.6906046876752,0.03847831679735126,10.665384,1.6331894397735596,,,33.174843504904715
n03793489_3923_computer_mouse.jpg,alpha_beta,104724066.01706514,3.728519069510781e-06,8.259013,6.564693212509155,,,0.01147997426044677
n03793489_3923_computer_mouse.jpg,composite,9721.685894863682,0.027292759588818917,10.645106,5.144353628158569,,,83.24395967910195
n03188531_17375_diaper.jpg,z_plus,96.18306351292387,0.6637621503115178,11.843103,3.9739432334899902,,,0.022322125611329187
n03188531_17375_diaper.jpg,epsilon,98.90204173345897,0.033373974191191,10.939925,1.6052424907684326,,,4.326859325295073
n03188531_17375_diaper.jpg,alpha_beta,45891520.016036116,1.4914076278043125e-05,5.7530837,6.589483737945557,,,0.04799835299845395
n03188531_17375_diaper.jpg,composite,5911.065787485136,0.017792492999705447,11.131977,5.216567277908325,,,31.317282297862693
n01674464_3490_lizard.jpg,z_plus,94.86165214187974,0.7236608091632085,11.027166,3.9509458541870117,,,0.027232205584362984
n01674464_3490_lizard.jpg,epsilon,98.73345563773603,0.044235150240675904,10.804978,1.6061420440673828,,,4.816729211066
n01674464_3490_lizard.jpg,alpha_beta,620875278.077735,0.0,6.870899,6.472224950790405,,,0.05384123138832836
n01674464_3490_lizard.jpg,composite,19610.344921565887,0.04455207436158432,10.268939,5.096505165100098,,,33.51852035683867
n01674464_134_lizard.jpg,z_plus,96.58681248497243,0.7696409063284154,11.300101,4.119611024856567,,,0.0008983795200782531
n01674464_134_lizard.jpg,epsilon,100.65819644449935,0.058873316107575235,10.577107,1.6107280254364014,,,2.315636380311703
n01674464_134_lizard.jpg,alpha_beta,228190662.22494775,0.0,9.91581,6.5886006355285645,,,0.01503381978130952
n01674464_134_lizard.jpg,composite,4844.175944109213,0.019209330246119545,10.583285,5.198575258255005,,,19.073642981171407
n02118333_12193_fox.jpg,z_plus,97.27463191462925,0.8713399924683914,10.313149,4.08000111579895,,,0.0017642231475202943
n02118333_12193_fox.jpg,epsilon,101.6665416449808,0.16664988833085387,10.118085,1.6187260150909424,,,13.103615727490482
n02118333_12193_fox.jpg,alpha_beta,135258484.08408016,3.728519069510781e-06,5.211331,6.6455934047698975,,,0.002573293635555079
n02118333_12193_fox.jpg,composite,15973.173239779368,0.17450214949124357,9.28047,5.207356214523315,,,60.13014114492542
n02454379_4660_armadillo.jpg,z_plus,95.85082375206791,0.6868938826187626,11.45524,4.194866895675659,,,0.0017370049607411202
n02454379_4660_armadillo.jpg,epsilon,100.67698747325512,0.1000212525586962,10.72128,1.626859426498413,,,11.577469850803976
n02454379_4660_armadillo.jpg,alpha_beta,78726913.75584076,0.0,7.9255295,6.565334320068359,,,0.0010441546674117969
n02454379_4660_armadillo.jpg,composite,14293.081424168093,0.001785960634295664,10.953678,5.2340922355651855,,,56.70378530082636
n02509815_44_red_panda.jpg,z_plus,96.29615391046771,0.7469864244620679,11.137691,4.095155477523804,,,0.0007114630250334836
n02509815_44_red_panda.jpg,epsilon,99.04308820394694,0.04409719503510401,11.012006,1.7672626972198486,,,2.4755618073996652
n02509815_44_red_panda.jpg,alpha_beta,3229271.411418444,0.0,9.182536,6.58668851852417,,,0.013263168603518944
n02509815_44_red_panda.jpg,composite,7412.105303446621,0.0060476579307464865,10.44717,5.2243616580963135,,,20.10244768499687
n03483316_230_hair_dryer.jpg,z_plus,97.92676724685096,0.830904203159547,11.104894,4.026047229766846,,,0.005436994182205329
n03483316_230_hair_dryer.jpg,epsilon,99.8583928299713,0.006912674354872988,10.997022,1.6021194458007812,,,1.6443180028559916
n03483316_230_hair_dryer.jpg,alpha_beta,35239643.53584103,0.0,9.34428,6.599715232849121,,,0.004602062717296283
n03483316_230_hair_dryer.jpg,composite,7649.246503610971,0.0013049816743287734,10.444065,5.141444206237793,,,14.296114007905123
n03814639_2265_neck_brace.jpg,z_plus,98.54611253907743,0.8119260410957372,11.3678255,4.1022233963012695,,,0.01838723658629873
n03814639_2265_neck_brace.jpg,epsilon,100.83408869349944,0.030808753071367583,11.025464,1.6149585247039795,,,1.4753547772696294
n03814639_2265_neck_brace.jpg,alpha_beta,132754102.40103164,0.0,8.92682,6.504512786865234,,,0.07877397163338443
n03814639_2265_neck_brace.jpg,composite,2774.0279454725583,0.019641838458182796,10.367807,5.144009828567505,,,12.729998592678223
n01662784_3789_turtle.jpg,z_plus,98.7067950420805,0.8743861925481818,11.46663,3.9881725311279297,,,0.0032773343147525632
n01662784_3789_turtle.jpg,epsilon,98.65858819852323,0.06357497865422833,10.828526,1.6272838115692139,,,29.630261931987206
n01662784_3789_turtle.jpg,alpha_beta,3072381.855825991,1.1185557208532343e-05,8.22038,6.6451263427734375,,,0.006821246061805574
n01662784_3789_turtle.jpg,composite,214.61658458362086,0.06741908181489394,10.860128,5.145982503890991,,,80.80550011480176
n03720891_5553_maraca.jpg,z_plus,95.65288974315477,0.7086833480609837,11.245448,4.0208234786987305,,,0.004410552461321125
n03720891_5553_maraca.jpg,epsilon,100.61458652118766,0.024425528424365125,10.739484,1.6066815853118896,,,3.2223000714719863
n03720891_5553_maraca.jpg,alpha_beta,72572947.65489908,0.0,7.211453,6.515679121017456,,,0.004717804430536755
n03720891_5553_maraca.jpg,composite,14199.16612660252,0.01751658258856165,10.447621,5.164272785186768,,,24.95986150307776
n02419796_445_antelope.jpg,z_plus,97.71168398411972,0.8406654660835263,11.1722975,4.030474901199341,,,0.001822057266857556
n02419796_445_antelope.jpg,epsilon,100.58440067328117,0.08700499248703407,10.817721,1.598304033279419,,,3.3546765958355462
n02419796_445_antelope.jpg,alpha_beta,3073668234.7186213,0.0,7.4169173,6.690780162811279,,,0.0011905487823216983
n02419796_445_antelope.jpg,composite,6165.431001600609,0.015264557070577138,9.727211,5.143686771392822,,,25.77975510996504
n04141076_43723_saxophone.jpg,z_plus,94.20125047795037,0.7080867850098619,10.815271,4.1481263637542725,,,0.02240028102863791
n04141076_43723_saxophone.jpg,epsilon,94.49943504569505,0.004765047370834778,10.842874,1.643247365951538,,,1.5582254068687011
n04141076_43723_saxophone.jpg,alpha_beta,32314781.629974987,0.0,8.487582,6.557972192764282,,,0.02748017739580182
n04141076_43723_saxophone.jpg,composite,21962.7920769887,0.01684544915604971,10.346062,5.163382530212402,,,13.596726899317627
n03991062_19806_flower_pot.jpg,z_plus,97.55002224495091,0.8011729920992681,10.881808,4.113810300827026,,,0.0019419805685923649
n03991062_19806_flower_pot.jpg,epsilon,95.9227936156538,0.05645350723146274,9.775892,1.6192305088043213,,,5.018598808419611
n03991062_19806_flower_pot.jpg,alpha_beta,4197095.933440617,0.0,8.882473,6.540570020675659,,,0.009978306661385161
n03991062_19806_flower_pot.jpg,composite,15179.842529728583,0.16813383892051917,9.490841,5.369808912277222,,,34.62215059604162
n04118538_8452_rugby_ball.jpg,z_plus,95.91044247907308,0.6020365171157668,11.602946,4.045679330825806,,,0.000738186670362323
n04118538_8452_rugby_ball.jpg,epsilon,99.2559118552745,0.021409156497130905,10.553046,1.6853652000427246,,,2.7178374356290482
n04118538_8452_rugby_ball.jpg,alpha_beta,30827885.8683821,0.0,8.790703,6.607077360153198,,,0.004943362421752186
n04118538_8452_rugby_ball.jpg,composite,9579.10783582766,0.005149084834994389,10.732119,5.5155699253082275,,,21.779741526266523
n07768694_1682_pomegranate.jpg,z_plus,96.93653294348653,0.5630660358012402,11.81579,3.9247071743011475,,,0.015419107319230498
n07768694_1682_pomegranate.jpg,epsilon,100.84262434226162,0.020141460013497238,10.813134,1.599473237991333,,,2.225706996931339
n07768694_1682_pomegranate.jpg,alpha_beta,1225512962.7805696,0.0,7.246549,6.481779098510742,,,0.012087069254619883
n07768694_1682_pomegranate.jpg,composite,4130.509982447098,0.0016964761766274053,11.2383,5.1063621044158936,,,18.466013308729202
n03141823_6920_crutch.jpg,z_plus,95.21490273232605,0.6881019227972841,10.956679,4.04380989074707,,,0.0012856214777832143
n03141823_6920_crutch.jpg,epsilon,100.51617121215921,0.06508130035831068,10.511417,1.6030449867248535,,,9.844011792230868
n03141823_6920_crutch.jpg,alpha_beta,3610908.9111220827,1.8642595347553905e-05,5.953696,6.481211423873901,,,0.0019853901302474956
n03141823_6920_crutch.jpg,composite,21399.81457455508,0.012949146728410943,9.786537,5.082882404327393,,,52.20038178884452
n02484322_11526_monkey.jpg,z_plus,95.51134743072683,0.6535310939847802,11.434873,3.903249502182007,,,0.00029950314532075273
n02484322_11526_monkey.jpg,epsilon,99.48179984021118,0.042997281909598326,10.704805,1.5844202041625977,,,26.24980009225199
n02484322_11526_monkey.jpg,alpha_beta,154164880.1967459,0.0,6.2318854,6.45667290687561,,,0.01154085453302634
n02484322_11526_monkey.jpg,composite,29963.341766258567,0.009899218129551123,10.522022,5.093299865722656,,,78.11107920657201
n03255030_9287_dumbbell.jpg,z_plus,97.67764627519749,0.7931753186951674,11.286406,4.062542200088501,,,0.01872673573850268
n03255030_9287_dumbbell.jpg,epsilon,104.91524766419948,0.011860419160113794,11.077074,1.5985422134399414,,,3.100798150979685
n03255030_9287_dumbbell.jpg,alpha_beta,37304726.57538366,2.6099633486575468e-05,7.4464874,6.445969581604004,,,0.02033079977287012
n03255030_9287_dumbbell.jpg,composite,2440.1529580941165,0.1746140050633289,10.653879,5.14488959312439,,,24.166373149628033
n03793489_1770_computer_mouse.jpg,z_plus,96.79508204339096,0.7523890485937891,11.289315,3.9354910850524902,,,0.0033646951387070237
n03793489_1770_computer_mouse.jpg,epsilon,103.53564293568165,0.040025652211198234,10.5358515,1.6059181690216064,,,11.06229266326609
n03793489_1770_computer_mouse.jpg,alpha_beta,14316939.78143949,1.8642595347553905e-05,6.3302245,6.441590785980225,,,0.003855959167223476
n03793489_1770_computer_mouse.jpg,composite,8121.972118350533,0.06188968803480945,10.198448,5.071848392486572,,,55.437328868089416
n02787622_7389_banjo.jpg,z_plus,94.72650894860851,0.6795337859755484,11.065931,3.903308153152466,,,0.003790688000420951
n02787622_7389_banjo.jpg,epsilon,102.0817582593119,0.05907465613732881,9.774749,1.6631882190704346,,,8.266906830057852
n02787622_7389_banjo.jpg,alpha_beta,10764330.608490992,3.728519069510781e-06,6.9722223,6.46888279914856,,,0.0031063514056546906
n02787622_7389_banjo.jpg,composite,33316.22547089633,0.003049928598859819,10.3881445,5.117300748825073,,,47.385398066118725
n04442312_5180_toaster.jpg,z_plus,96.82897399977465,0.801516015853663,10.73821,4.011069297790527,,,0.028150790315163265
n04442312_5180_toaster.jpg,epsilon,102.11476565687774,0.013586723489297285,10.679701,1.600313663482666,,,1.8324787554340651
n04442312_5180_toaster.jpg,alpha_beta,24368998.676682137,0.0,10.089804,6.473034381866455,,,0.031669639104558674
n04442312_5180_toaster.jpg,composite,31444.083723027437,0.1585291737974594,10.047894,5.105947732925415,,,15.521270454560913
n06874185_10683_traffic_light.jpg,z_plus,95.44797875475955,0.703444778768321,11.009327,3.920943260192871,,,0.001609842425040306
n06874185_10683_traffic_light.jpg,epsilon,102.26682793785089,0.03263199889635836,10.3321705,1.599853754043579,,,12.522271245861205
n06874185_10683_traffic_light.jpg,alpha_beta,61152555.76436742,7.457038139021562e-06,5.565683,6.438685655593872,,,0.0042964668694784325
n06874185_10683_traffic_light.jpg,composite,28258.62245669369,0.01609601682307804,10.196435,5.178085565567017,,,58.86536484892242
n01443537_2625_goldfish.jpg,z_plus,98.09732157119572,0.7887756661931448,11.717104,3.855160713195801,,,0.00178242286727442
n01443537_2625_goldfish.jpg,epsilon,99.61194613941716,0.031338202779238114,10.973767,1.600337028503418,,,13.845741207291903
n01443537_2625_goldfish.jpg,alpha_beta,12143026.565981893,3.728519069510781e-06,8.364257,6.44539999961853,,,0.004892690957820388
n01443537_2625_goldfish.jpg,composite,903.4283643945644,0.011726192473611407,11.06971,5.1048572063446045,,,61.625894940511486
n04317175_7903_stethoscope.jpg,z_plus,97.90692179345866,0.8709186698135367,11.124016,3.8994414806365967,,,0.008948944868647321
n04317175_7903_stethoscope.jpg,epsilon,95.1812047278992,0.04077135602510039,10.633359,1.5974807739257812,,,4.973309735505214
n04317175_7903_stethoscope.jpg,alpha_beta,35612096.76635021,3.728519069510781e-06,6.7760487,6.448186159133911,,,0.010042184206876487
n04317175_7903_stethoscope.jpg,composite,2172.735622227599,0.08051364078701581,9.827619,5.136543035507202,,,34.38079199026686
n04442312_12329_toaster.jpg,z_plus,95.8991617585149,0.56390495259188,11.472894,3.9979944229125977,,,0.005072431398839613
n04442312_12329_toaster.jpg,epsilon,101.79352929194427,0.041908554341301175,10.688743,1.6013059616088867,,,7.010464914480553
n04442312_12329_toaster.jpg,alpha_beta,793287154.903015,3.728519069510781e-06,3.3702626,6.664371490478516,,,0.006755760402879307
n04442312_12329_toaster.jpg,composite,15978.812663620107,0.027557484442754184,10.912491,5.117433786392212,,,42.962641061476134
n02346627_3512_porcupine.jpg,z_plus,97.06611420250412,0.7900955619437515,11.115015,4.014347314834595,,,0.018214366025372977
n02346627_3512_porcupine.jpg,epsilon,98.29063272667139,0.056405036483559094,10.191795,1.6013641357421875,,,6.816321478058975
n02346627_3512_porcupine.jpg,alpha_beta,125769488.39899036,3.728519069510781e-06,4.740094,6.459096670150757,,,0.03694320032189531
n02346627_3512_porcupine.jpg,composite,2018.815160780191,0.05065566007837347,10.593278,5.058127403259277,,,42.33263857685483
n04116512_9541_rubber_eraser.jpg,z_plus,94.56750287849142,0.5000391494502299,11.837251,4.117172718048096,,,0.009538935956948527
n04116512_9541_rubber_eraser.jpg,epsilon,100.27490250538963,0.03602122273054365,10.936002,1.735400915145874,,,4.271792721462572
n04116512_9541_rubber_eraser.jpg,alpha_beta,1749727.1242134124,7.457038139021562e-06,9.026827,6.752330780029297,,,0.013019089798086803
n04116512_9541_rubber_eraser.jpg,composite,13426.480697572662,0.0006263912036778112,11.517103,5.0953803062438965,,,30.79808875209754
n07753592_9306_banana.jpg,z_plus,95.99611110629043,0.576701230038441,11.902437,4.1180901527404785,,,0.002399615995910705
n07753592_9306_banana.jpg,epsilon,107.27493773990722,0.012785091889352469,10.388943,1.6001429557800293,,,2.708132142143569
n07753592_9306_banana.jpg,alpha_beta,8334270.919466397,0.0,6.1439457,6.63642430305481,,,0.0008109047158594795
n07753592_9306_banana.jpg,composite,3614.0780414011538,0.0027367329970209133,11.483149,5.145723819732666,,,21.736499497523358
n02924116_58545_bus.jpg,z_plus,96.12709905231752,0.699664060431837,11.482845,4.030132055282593,,,0.0028040031450140856
n02924116_58545_bus.jpg,epsilon,100.5972619206095,0.04143876093854282,10.885476,1.6167359352111816,,,6.634017493648684
n02924116_58545_bus.jpg,alpha_beta,3555628548.7026014,3.728519069510781e-06,6.888885,6.46726655960083,,,0.0022643648038981673
n02924116_58545_bus.jpg,composite,13427.563365903048,0.01580146381658669,10.64876,5.121045827865601,,,41.52593219123384
n07747607_813_orange.jpg,z_plus,95.75247445319526,0.7003314653452795,11.231173,3.997668504714966,,,0.00254612785217976
n07747607_813_orange.jpg,epsilon,99.67654495144913,0.04080491269672599,10.798546,1.6501035690307617,,,11.848680542533943
n07747607_813_orange.jpg,alpha_beta,4858873.136617099,0.0,8.893371,6.479021072387695,,,0.004583030133923568
n07747607_813_orange.jpg,composite,7797.153599113009,0.17595254340928326,10.562617,5.05516791343689,,,57.28253479796257
n02342885_7641_hamster.jpg,z_plus,98.60942654326253,0.897432168916828,10.851082,3.951148748397827,,,0.0024922400327952975
n02342885_7641_hamster.jpg,epsilon,99.82879833219226,0.048332792698068255,10.889893,1.6012966632843018,,,60.56477466424243
n02342885_7641_hamster.jpg,alpha_beta,570491.6485382396,7.457038139021562e-06,9.20946,6.489094257354736,,,0.01504548315252843
n02342885_7641_hamster.jpg,composite,496.1855529484694,0.19895377754909527,10.235084,5.1648173332214355,,,93.86623466722787
n02454379_10511_armadillo.jpg,z_plus,96.15649412494541,0.7583509505859368,10.978885,4.033553600311279,,,0.0003939950047136651
n02454379_10511_armadillo.jpg,epsilon,100.07680520823487,0.03322110490934106,10.988246,1.6001560688018799,,,6.669856246688509
n02454379_10511_armadillo.jpg,alpha_beta,70885509.91563138,3.728519069510781e-06,6.8231606,6.435157537460327,,,99.9992119385296
n02454379_10511_armadillo.jpg,composite,13025.116405828681,0.02935835915332789,10.326788,5.080451250076294,,,41.67790436828697
n04330267_15330_stove.jpg,z_plus,95.51157703384654,0.6844330600328855,11.434882,3.896198272705078,,,100.00000001730342
n04330267_15330_stove.jpg,epsilon,98.11017564345383,0.10143063276697128,10.114987,1.5973777770996094,,,1.7040316475251047
n04330267_15330_stove.jpg,alpha_beta,17314773.659572113,0.0,8.425361,6.431512355804443,,,199.99680280295513
n04330267_15330_stove.jpg,composite,12504.948378618063,0.0013981946510665429,11.05648,5.098686695098877,,,14.753713123001486
n02892767_5122_brassiere.jpg,z_plus,95.82405867514898,0.6296424723064246,11.620648,4.008732080459595,,,0.0009097675080309006
n02892767_5122_brassiere.jpg,epsilon,102.09630360808487,0.02581999455636216,10.961053,1.5816149711608887,,,18.300374055604735
n02892767_5122_brassiere.jpg,alpha_beta,288943.16920257657,1.4914076278043125e-05,7.9763412,6.404706954956055,,,0.0028461533966838265
n02892767_5122_brassiere.jpg,composite,5157.542252501422,0.013128115643747459,11.001322,5.072195529937744,,,69.13915059731578
n07873807_1051_pizza.jpg,z_plus,97.4810203380343,0.7707781046446162,11.776443,4.631619453430176,,,0.0027149434537371195
n07873807_1051_pizza.jpg,epsilon,100.37947829083924,0.023068347483063203,11.055805,1.6845638751983643,,,8.813208678976288
n07873807_1051_pizza.jpg,alpha_beta,1254967.8506575257,7.457038139021562e-06,8.475397,6.62694525718689,,,0.016013071308905263
n07873807_1051_pizza.jpg,composite,1012.1616011977203,0.022348743302647623,11.1790085,5.040038108825684,,,49.368320681361254
n02084071_77_dog.jpg,z_plus,97.23872954120677,0.7906958535139428,11.372968,3.8657069206237793,,,0.02536892825349448
n02084071_77_dog.jpg,epsilon,99.6928157416016,0.04674817209352617,10.985608,1.5811209678649902,,,5.2645122846595465
n02084071_77_dog.jpg,alpha_beta,245376.00312507866,3.728519069510781e-06,9.140131,6.455029249191284,,,0.048178601257126155
n02084071_77_dog.jpg,composite,9404.67955300429,0.0074122959101874325,10.045377,5.10976767539978,,,35.724548785471335
n03062245_872_cocktail_shaker.jpg,z_plus,95.67839151907938,0.6760550776836948,11.644549,3.979414939880371,,,0.0034837027231560194
n03062245_872_cocktail_shaker.jpg,epsilon,93.89358622146278,0.025853551227987756,10.684733,1.5975587368011475,,,7.504100589367662
n03062245_872_cocktail_shaker.jpg,alpha_beta,8343296.153342525,2.6099633486575468e-05,5.074053,6.502148151397705,,,0.01178311215185124
n03062245_872_cocktail_shaker.jpg,composite,7715.433160170208,0.03986159737213976,10.3324,5.10296106338501,,,44.73135773639208
n02118333_6_fox.jpg,z_plus,95.94048456599114,0.7468857544471911,11.090339,3.982595682144165,,,0.0018844626567880002
n02118333_6_fox.jpg,epsilon,100.82639916851532,0.04553640339593517,9.804034,1.5843079090118408,,,3.375676479269152
n02118333_6_fox.jpg,alpha_beta,4216383.147285671,0.0,9.007123,6.456460237503052,,,0.0003956330439665415
n02118333_6_fox.jpg,composite,24004.271185691367,0.0053914385745125895,9.801665,5.05669903755188,,,25.890273248451994
n02992211_25528_cello.jpg,z_plus,94.0964065799114,0.6798842667680823,11.189843,3.9496617317199707,,,0.0016614643848565733
n02992211_25528_cello.jpg,epsilon,102.66199338109428,0.07011107258308073,10.44642,1.5896542072296143,,,3.1065396482294267
n02992211_25528_cello.jpg,alpha_beta,4062505.8859214243,1.1185557208532343e-05,7.884221,6.590468168258667,,,0.013661984284620622
n02992211_25528_cello.jpg,composite,27630.51480891723,0.00386647427508268,10.708925,5.112836122512817,,,24.175213484513165
n04542943_3211_waffle_iron.jpg,z_plus,96.56718075318004,0.6244262741281791,11.4122715,3.980987310409546,,,0.008271933249906447
n04542943_3211_waffle_iron.jpg,epsilon,97.22336146357333,0.01742336961182388,10.271965,1.6455261707305908,,,17.47240282416239
n04542943_3211_waffle_iron.jpg,alpha_beta,6431833.279030393,2.2371114417064686e-05,6.8728004,6.433125734329224,,,0.014794943469832674
n04542943_3211_waffle_iron.jpg,composite,6506.950822179607,0.007483137772508137,10.543133,5.09144139289856,,,67.90103066534039
n02951585_3935_can_opener.jpg,z_plus,95.71405694202072,0.7348985656387139,10.961668,3.982755661010742,,,0.006776382947876285
n02951585_3935_can_opener.jpg,epsilon,103.733013379495,0.007915645984571389,11.01615,1.601576805114746,,,3.286735069831777
n02951585_3935_can_opener.jpg,alpha_beta,114263971.97774954,3.728519069510781e-06,7.8408937,6.447849273681641,,,0.040648332418216714
n02951585_3935_can_opener.jpg,composite,10327.867210580473,0.17336495117504278,10.492157,5.104534149169922,,,25.098377127613226
n03814639_5954_neck_brace.jpg,z_plus,97.18041999741422,0.7764305395539945,10.77758,4.121072769165039,,,0.004258135915973786
n03814639_5954_neck_brace.jpg,epsilon,102.88762299448275,0.16719052359593292,9.766969,1.582524061203003,,,20.958060874803756
n03814639_5954_neck_brace.jpg,alpha_beta,26911466.24474175,1.1185557208532343e-05,8.642347,6.426271915435791,,,0.004287774913068731
n03814639_5954_neck_brace.jpg,composite,26845.641062797462,0.3464912771296369,9.724434,5.105998516082764,,,72.61696555447617
n02777292_14330_balance_beam.jpg,z_plus,95.18095121676349,0.5441065163327777,11.539914,4.022040128707886,,,0.018866545579564617
n02777292_14330_balance_beam.jpg,epsilon,103.49824758242276,0.007375010719492325,10.839124,1.6049723625183105,,,3.5573434300053304
n02777292_14330_balance_beam.jpg,alpha_beta,2011285.2746118468,0.0,9.717134,6.4830873012542725,,,0.017785023858443078
n02777292_14330_balance_beam.jpg,composite,22099.45999254893,0.019589639191209644,10.685326,5.045513153076172,,,26.839944299453034
n04442312_14257_toaster.jpg,z_plus,94.98775469564484,0.7624299504479816,10.49699,4.031245231628418,,,0.022057193044450488
n04442312_14257_toaster.jpg,epsilon,101.4217610149923,0.025271902253144074,10.593683,1.5848867893218994,,,4.198878571833853
n04442312_14257_toaster.jpg,alpha_beta,8707311.716097862,0.0,9.213345,6.4484543800354,,,0.03072858213948609
n04442312_14257_toaster.jpg,composite,41253.598301147125,0.019641838458182796,9.581701,5.1105310916900635,,,30.46915872928596
n01770393_9910_scorpion.jpg,z_plus,98.98791232635688,0.9236511150136277,10.48906,3.9828720092773438,,,0.0015051837537843492
n01770393_9910_scorpion.jpg,epsilon,98.9378187853901,0.05917159763313609,10.615756,1.5848073959350586,,,11.536913014280424
n01770393_9910_scorpion.jpg,alpha_beta,10581601.950953577,7.457038139021562e-06,7.331594,6.4513139724731445,,,0.005263287706781402
n01770393_9910_scorpion.jpg,composite,176.6361619618379,0.5647475979015895,9.160205,5.026792287826538,,,56.588339743520976
n04252077_2529_snowmobile.jpg,z_plus,93.89333970906291,0.6328750983396905,11.352832,3.8779821395874023,,,0.0027147889634955027
n04252077_2529_snowmobile.jpg,epsilon,97.65582463218962,0.01643158353933401,11.061103,1.631211519241333,,,3.268486141947254
n04252077_2529_snowmobile.jpg,alpha_beta,38480544.211489506,0.0,9.770609,6.4573750495910645,,,0.007455688807835075
n04252077_2529_snowmobile.jpg,composite,21148.187169526518,0.021315943520393135,10.907996,5.116124391555786,,,25.109796753556996
n03337140_18624_filing_cabinet.jpg,z_plus,99.34395150301285,0.9524315537111815,10.977244,3.9982359409332275,,,0.00017406935298262837
n03337140_18624_filing_cabinet.jpg,epsilon,97.55704905814564,0.03707639362721521,10.967493,1.5825738906860352,,,13.477017934468163
n03337140_18624_filing_cabinet.jpg,alpha_beta,8648112.712332817,0.0,7.305534,6.454106092453003,,,1.1604623532175224e-05
n03337140_18624_filing_cabinet.jpg,composite,158.49419219284937,0.44525229024283847,9.628232,5.063283443450928,,,60.90028098476715
n03633091_27358_ladle.jpg,z_plus,97.49349226838517,0.7518856985194051,10.974239,3.998168706893921,,,0.0012965791034268473
n03633091_27358_ladle.jpg,epsilon,100.57312157001626,0.019876735159561974,10.661592,1.8414218425750732,,,11.891509915574119
n03633091_27358_ladle.jpg,alpha_beta,36335631.1027672,3.728519069510781e-06,6.6290894,6.5048112869262695,,,0.0031258612493468957
n03633091_27358_ladle.jpg,composite,7351.187488975277,0.1030599956003475,9.657933,5.107404470443726,,,57.431438683249716
n02206856_5952_bee.jpg,z_plus,97.54457514547589,0.7613113947271283,11.340452,3.9841971397399902,,,0.00042574608656708766
n02206856_5952_bee.jpg,epsilon,100.63580492535186,0.020555325630212937,11.148851,1.6023354530334473,,,19.903009438580913
n02206856_5952_bee.jpg,alpha_beta,957017.6700049113,7.457038139021562e-06,9.1624,6.412003040313721,,,0.006182573604930751
n02206856_5952_bee.jpg,composite,2356.9844003933226,0.04825449379760853,10.545814,5.087704420089722,,,71.30211276366396
n03062245_2005_cocktail_shaker.jpg,z_plus,95.7250999741838,0.8010424939318352,10.815471,3.9977896213531494,,,0.02125089175231506
n03062245_2005_cocktail_shaker.jpg,epsilon,103.40644194948058,0.0049365592480322745,11.077884,1.600053071975708,,,1.8678801060914167
n03062245_2005_cocktail_shaker.jpg,alpha_beta,14378337.335784206,3.728519069510781e-06,8.113942,6.489921569824219,,,0.025207954354470277
n03062245_2005_cocktail_shaker.jpg,composite,21056.91928678211,0.0032438115904743796,9.968541,5.103650093078613,,,15.915598901616596
n02062744_3014_whale.jpg,z_plus,98.08506230618288,0.8948781333542131,10.993034,4.009607315063477,,,0.0009726259895078386
n02062744_3014_whale.jpg,epsilon,98.3553629636791,0.06828782675808995,10.458726,1.5980761051177979,,,4.6675809328065645
n02062744_3014_whale.jpg,alpha_beta,3029239.4120355966,3.728519069510781e-06,6.764,6.468371868133545,,,0.009316733162654033
n02062744_3014_whale.jpg,composite,1415.0367254425496,0.1944012557652226,10.116063,5.099110841751099,,,32.91296875209561
n03710721_15514_maillot.jpg,z_plus,95.61817144729298,0.6735457843499141,11.710973,3.8713254928588867,,,0.009661157132791913
n03710721_15514_maillot.jpg,epsilon,107.01629070678752,0.028370301599907534,10.210075,1.5897486209869385,,,11.964837818317765
n03710721_15514_maillot.jpg,alpha_beta,1973466.6549615078,3.728519069510781e-06,8.523348,6.47211480140686,,,0.019625488652596123
n03710721_15514_maillot.jpg,composite,12480.764980419604,0.0032885538193085087,11.172814,5.11675500869751,,,57.57216932160987
n02815834_1310_beaker.jpg,z_plus,98.90477449136641,0.9093261447485673,10.428621,3.9960689544677734,,,0.011506589676366917
n02815834_1310_beaker.jpg,epsilon,99.9530023342135,0.040983881612062505,10.8863,1.6024603843688965,,,5.130291736505976
n02815834_1310_beaker.jpg,alpha_beta,103928916.764791,0.0,9.165991,6.43485689163208,,,0.010263070511342
n02815834_1310_beaker.jpg,composite,3903.9719742813477,0.3316629567901925,8.557956,5.098935127258301,,,35.13768500692131
n04517823_9843_vacuum.jpg,z_plus,95.85304675847796,0.6492843107646074,11.207264,3.992258071899414,,,0.011952177562623184
n04517823_9843_vacuum.jpg,epsilon,103.582406275066,0.021215273505516344,10.36686,1.6030662059783936,,,20.759384662275554
n04517823_9843_vacuum.jpg,alpha_beta,1731854.3013936782,7.457038139021562e-06,8.810283,6.499271869659424,,,0.06456659949497
n04517823_9843_vacuum.jpg,composite,12183.941537279552,0.03944773175542406,10.60823,5.119293689727783,,,72.06937115825843
n03928116_38427_piano.jpg,z_plus,96.35290767604673,0.7380230646189639,11.206018,3.882096767425537,,,0.06303854810754854
n03928116_38427_piano.jpg,epsilon,100.0285752175913,0.01265459372191959,11.037312,1.599466323852539,,,3.0980426144496516
n03928116_38427_piano.jpg,alpha_beta,64197090.137245506,7.457038139021562e-06,8.123218,6.480235815048218,,,0.11299750306838412
n03928116_38427_piano.jpg,composite,6281.116131656858,0.11655350611290702,10.469407,5.094313144683838,,,24.663085450837773
n03908714_4340_pencil_sharpener.jpg,z_plus,97.02134734516082,0.7700547719451312,11.018115,3.9808530807495117,,,0.0060896009056577525
n03908714_4340_pencil_sharpener.jpg,epsilon,102.56006897882104,0.0035346360778962206,10.610714,1.6153788566589355,,,1.8256645618976484
n03908714_4340_pencil_sharpener.jpg,alpha_beta,8151943.777297647,0.0,9.928002,6.423996210098267,,,0.005525953634898142
n03908714_4340_pencil_sharpener.jpg,composite,9216.689277619625,0.0006413052799558543,10.334138,5.068186283111572,,,15.646234855433313
n07693725_10941_bagel.jpg,z_plus,95.00594747383084,0.7119010600179715,11.073174,3.9055283069610596,,,0.04068676236458797
n07693725_10941_bagel.jpg,epsilon,97.01342653819447,0.02439570027180904,10.885864,1.6040234565734863,,,2.4741099342959165
n07693725_10941_bagel.jpg,alpha_beta,30927411.97031939,3.728519069510781e-06,7.41336,6.394791603088379,,,0.055798988385720644
n07693725_10941_bagel.jpg,composite,17004.66203166287,0.04985029995935914,10.605765,5.084764003753662,,,20.21297973148726
n04591157_2640_tie.jpg,z_plus,98.43602624643553,0.8526489263729339,11.325876,3.8782620429992676,,,0.014111410703959649
n04591157_2640_tie.jpg,epsilon,99.38944362699225,0.049954698493305444,11.011888,1.6029107570648193,,,4.585034317774482
n04591157_2640_tie.jpg,alpha_beta,1698586253.6404784,0.0,8.23223,6.485635280609131,,,0.020354510721135102
n04591157_2640_tie.jpg,composite,1909.842712626828,0.05195318471456322,10.54877,5.071289777755737,,,32.45419699685385
n03000684_16691_chain_saw.jpg,z_plus,96.43399556484019,0.5902991390849468,11.33361,3.872978687286377,,,0.0006515486790240644
n03000684_16691_chain_saw.jpg,epsilon,97.69705414250018,0.0256261115647476,10.711624,1.5994527339935303,,,10.323994571350728
n03000684_16691_chain_saw.jpg,alpha_beta,24836171.53312985,0.0,7.884522,6.419952392578125,,,0.06698091880546071
n03000684_16691_chain_saw.jpg,composite,9205.099305543896,0.003590563863938882,10.65478,5.070498704910278,,,53.50495462322387
n03770439_3065_miniskirt.jpg,z_plus,94.99529523410484,0.5692031781896548,11.486721,3.9639759063720703,,,0.02699125750346665
n03770439_3065_miniskirt.jpg,epsilon,105.05889317779624,0.007908188946432367,10.727762,1.5950894355773926,,,3.3739071879333316
n03770439_3065_miniskirt.jpg,alpha_beta,47967.61416821994,3.728519069510781e-06,9.182239,6.408433198928833,,,0.04376649168943331
n03770439_3065_miniskirt.jpg,composite,22260.40711632654,0.003284825300238998,10.648507,5.088401794433594,,,25.9954152674357
n02411705_3019_sheep.jpg,z_plus,97.19928248778427,0.7118041185221642,11.531939,3.9468119144439697,,,0.0030366397062348716
n02411705_3019_sheep.jpg,epsilon,98.20503110634648,0.023064618963993692,10.131552,1.5978341102600098,,,14.161301652542987
n02411705_3019_sheep.jpg,alpha_beta,246294.64737830777,3.728519069510781e-06,7.9720216,6.415118932723999,,,0.0045549595593523074
n02411705_3019_sheep.jpg,composite,4637.316314983411,0.027609683709727332,10.413555,5.043731212615967,,,62.264293240021686
n04118776_1258_ruler.jpg,z_plus,95.50227483599551,0.8030260660768149,10.720089,3.889951705932617,,,0.0009763738234763114
n04118776_1258_ruler.jpg,epsilon,104.28489783680193,0.058970257603382516,10.215661,1.6012887954711914,,,7.987397413320961
n04118776_1258_ruler.jpg,alpha_beta,890333.7454539731,3.355667162559703e-05,8.972323,6.452028751373291,,,0.0005237501966992135
n04118776_1258_ruler.jpg,composite,21230.10591668871,0.3004030529114141,9.89837,5.059891223907471,,,46.46383269683418
n01982650_3364_lobster.jpg,z_plus,96.59980912969579,0.8221272692699186,11.487702,3.854619264602661,,,0.003088543321123048
n01982650_3364_lobster.jpg,epsilon,100.0792389468504,0.10829110785487113,10.715667,1.5993931293487549,,,14.441865021452536
n01982650_3364_lobster.jpg,alpha_beta,3706359.031835166,3.728519069510781e-06,9.44856,6.475639343261719,,,0.0022708027269356832
n01982650_3364_lobster.jpg,composite,1839.4664417147453,0.015872305678907395,11.251842,5.050386667251587,,,62.8032827935593
n01776313_1303_tick.jpg,z_plus,96.33360945612586,0.9157056408765003,9.525678,3.880221128463745,,,0.029843148618852372
n01776313_1303_tick.jpg,epsilon,99.84860471442205,0.05281820113868972,10.279061,1.5988061428070068,,,6.399485099675077
n01776313_1303_tick.jpg,alpha_beta,422551828.4416727,0.0,6.4406943,6.481630086898804,,,0.015816055603179256
n01776313_1303_tick.jpg,composite,36146.38941169114,0.09040540187842791,8.332883,5.071048736572266,,,40.56038640451492
n04004767_2519_printer.jpg,z_plus,97.74265629785704,0.8184546779864506,11.111564,4.059994697570801,,,0.006838570098426241
n04004767_2519_printer.jpg,epsilon,97.18292506839438,0.00988057553420357,10.749834,1.6160304546356201,,,2.117326511243509
n04004767_2519_printer.jpg,alpha_beta,45590660.753473654,3.728519069510781e-06,10.174988,6.539654493331909,,,0.009545771394426123
n04004767_2519_printer.jpg,composite,7339.494647050317,0.02850452828640992,10.453435,5.17743992805481,,,17.721410250473653
n02503517_6661_elephant.jpg,z_plus,96.15086330032544,0.699481362997431,11.603871,3.885457992553711,,,0.005127049876622054
n02503517_6661_elephant.jpg,epsilon,100.05838945398358,0.1001554792451986,10.259974,1.5832188129425049,,,43.00685514041986
n02503517_6661_elephant.jpg,alpha_beta,10794401.902878359,1.4914076278043125e-05,8.150407,6.456887245178223,,,7.715122933357402e-05
n02503517_6661_elephant.jpg,composite,6057.870795351735,0.004832160714085972,11.130761,5.080413818359375,,,88.28800928787541
n04336792_143_stretcher.jpg,z_plus,99.11723482727479,0.954668665152888,11.026485,3.9038450717926025,,,0.016530027393474374
n04336792_143_stretcher.jpg,epsilon,100.67230815671009,0.03337770271026051,11.070307,1.5999953746795654,,,2.4919687468468616
n04336792_143_stretcher.jpg,alpha_beta,2274477.2654103558,4.1013709764618594e-05,7.1462097,6.399420261383057,,,0.035238489951564395
n04336792_143_stretcher.jpg,composite,210.87999423964288,0.47416695562689454,9.667826,5.075035810470581,,,20.455521536833647
n02807133_2901_bathing_cap.jpg,z_plus,97.98526959969247,0.7277845512540874,11.658986,4.01370096206665,,,0.010690678604358949
n02807133_2901_bathing_cap.jpg,epsilon,97.75554204787203,0.024466542134129746,10.897084,1.5861790180206299,,,4.000769429542617
n02807133_2901_bathing_cap.jpg,alpha_beta,2279485.125070716,0.0,9.50135,6.4532952308654785,,,0.006846003004183457
n02807133_2901_bathing_cap.jpg,composite,4566.1004376385945,0.03429864692042967,10.841014,5.240381479263306,,,29.3899963154841
n02062744_3044_whale.jpg,z_plus,96.61610903783992,0.7641786258915821,10.986415,4.0264270305633545,,,0.012711262663893637
n02062744_3044_whale.jpg,epsilon,99.43888742670751,0.06441016692579875,10.565484,1.5997843742370605,,,2.62852412077671
n02062744_3044_whale.jpg,alpha_beta,205990680.7797122,0.0,8.854517,6.459064483642578,,,0.011878262464117368
n02062744_3044_whale.jpg,composite,29977.421615004907,0.04371688609001391,9.952643,5.077146530151367,,,21.191917553556245
n04557648_2511_water_bottle.jpg,z_plus,97.23854062299677,0.8117582577376092,10.575743,3.995816469192505,,,0.0761286486756816
n04557648_2511_water_bottle.jpg,epsilon,84.43561413124885,0.04987639959284572,9.8849745,1.580373764038086,,,6.364502256327128
n04557648_2511_water_bottle.jpg,alpha_beta,90585.69729750085,7.457038139021562e-06,8.838329,6.4752607345581055,,,0.12452953812379829
n04557648_2511_water_bottle.jpg,composite,7677.211539830141,0.1720189557909494,9.4196,5.0745580196380615,,,40.656869825618124
n07753275_25056_pineapple.jpg,z_plus,94.95498133093241,0.6669500341159494,11.500967,3.996520519256592,,,0.0011600160077017412
n07753275_25056_pineapple.jpg,epsilon,98.32826064636339,0.05383981536373568,10.400499,1.6074912548065186,,,13.603039028981872
n07753275_25056_pineapple.jpg,alpha_beta,7991337.229968798,3.728519069510781e-06,8.501908,6.471510171890259,,,0.007651418717467041
n07753275_25056_pineapple.jpg,composite,12274.765532826394,0.009895489610481614,11.067662,5.090606451034546,,,61.136007285902764
n04591713_5607_wine_bottle.jpg,z_plus,96.11147115916987,0.7116587062784533,11.27055,3.9056429862976074,,,0.011141727012257135
n04591713_5607_wine_bottle.jpg,epsilon,95.21840858507022,0.011107258308072616,10.758429,1.6164493560791016,,,5.258993242759797
n04591713_5607_wine_bottle.jpg,alpha_beta,14587916.090807863,0.0,8.564733,6.4805920124053955,,,0.036711295680151725
n04591713_5607_wine_bottle.jpg,composite,26077.053986018233,0.011610608382456571,10.54143,5.100111961364746,,,35.46440318452322
n02121808_5315_domestic_cat.jpg,z_plus,98.4905758501593,0.9146728410942457,11.358418,4.023302793502808,,,0.02756140978866157
n02121808_5315_domestic_cat.jpg,epsilon,98.24557750700845,0.012471896287513563,11.0346155,1.6012804508209229,,,17.223507817522304
n02121808_5315_domestic_cat.jpg,alpha_beta,18989345.200146463,2.6099633486575468e-05,7.2826853,6.440113544464111,,,0.011384060564881952
n02121808_5315_domestic_cat.jpg,composite,2769.727242879155,0.013497239031629027,10.228322,5.055025100708008,,,67.60314260879622
n07734744_5110_mushroom.jpg,z_plus,96.99061002602542,0.7391789055305124,11.499792,3.9905638694763184,,,0.0006555019687679982
n07734744_5110_mushroom.jpg,epsilon,101.548978054086,0.044846627368075674,10.496846,1.5823447704315186,,,2.1295202488507496
n07734744_5110_mushroom.jpg,alpha_beta,16257423.066227723,0.0,9.579018,6.452054262161255,,,0.013412084400184432
n07734744_5110_mushroom.jpg,composite,10099.640498938705,0.00525348336894069,10.701414,5.091881990432739,,,17.75432866249024
n07739125_9099_apple.jpg,z_plus,95.76292811483657,0.7812925284206366,10.929409,4.002056360244751,,,0.0028504932451338533
n07739125_9099_apple.jpg,epsilon,96.41587188505373,0.049518461762172686,10.092192,1.6022624969482422,,,2.76432325978021
n07739125_9099_apple.jpg,alpha_beta,117653252.93035565,0.0,9.502772,6.47754979133606,,,0.011504080201256626
n07739125_9099_apple.jpg,composite,17908.48261869843,0.06358616421143685,10.016683,5.085542678833008,,,22.200790099335563
n03271574_692_electric_fan.jpg,z_plus,97.84901465811399,0.8544125158928125,11.1747,3.869905710220337,,,0.0007621396357154565
n03271574_692_electric_fan.jpg,epsilon,107.86967250629596,0.04354910273188592,10.565815,1.599104404449463,,,14.060915344178285
n03271574_692_electric_fan.jpg,alpha_beta,18292790.6844265,3.728519069510781e-06,8.022627,6.428658723831177,,,0.0005792261231437469
n03271574_692_electric_fan.jpg,composite,2599.7966791659956,0.2738373545411498,10.379299,5.154196262359619,,,62.07181633643426
n03950228_10344_pitcher.jpg,z_plus,96.14554226704708,0.789886764875859,10.995278,3.8976714611053467,,,0.018778296798788712
n03950228_10344_pitcher.jpg,epsilon,100.65300019354655,0.04372061460908342,10.886737,1.5982842445373535,,,3.019542598873763
n03950228_10344_pitcher.jpg,alpha_beta,2653359.2470006235,3.728519069510781e-06,8.453728,6.501533269882202,,,0.06322152028449908
n03950228_10344_pitcher.jpg,composite,29926.45426167988,0.018418884203383258,10.379177,5.160717725753784,,,23.961732344882215
n04530566_8181_watercraft.jpg,z_plus,97.43603992810118,0.7667885892402396,11.153502,4.076364755630493,,,0.0015718146621066197
n04530566_8181_watercraft.jpg,epsilon,93.68318877111477,0.03222559031778168,10.426131,1.5867576599121094,,,14.93219401140122
n04530566_8181_watercraft.jpg,alpha_beta,21826098.408852156,1.4914076278043125e-05,5.523827,6.453206539154053,,,0.03725782902771247
n04530566_8181_watercraft.jpg,composite,2327.962890182637,0.044984582573647576,10.464056,5.041049957275391,,,63.5138739296581
n03000684_3268_chain_saw.jpg,z_plus,96.67304282135079,0.6685868539874648,11.669222,4.003771781921387,,,0.01239728613899804
n03000684_3268_chain_saw.jpg,epsilon,98.60897101122524,0.009272826925873312,10.852049,1.6016113758087158,,,37.775634347853654
n03000684_3268_chain_saw.jpg,alpha_beta,14207587.697814157,0.0,6.4166384,6.479255676269531,,,0.027699658403210876
n03000684_3268_chain_saw.jpg,composite,4275.417353940098,0.005548036375432042,10.809468,5.080458402633667,,,85.82860764491294
n02355227_12248_squirrel.jpg,z_plus,96.03221701032882,0.7870903755737259,10.707348,3.916759490966797,,,0.004963699661006834
n02355227_12248_squirrel.jpg,epsilon,98.412943864516,0.040599844147902894,11.053245,1.6110782623291016,,,2.657435726377042
n02355227_12248_squirrel.jpg,alpha_beta,491821079.7758976,0.0,7.0842934,6.483964920043945,,,0.017297258369254952
n02355227_12248_squirrel.jpg,composite,11843.000585898193,0.011260127589922559,9.662447,5.092409372329712,,,21.13819784963671
n03001627_6675_chair.jpg,z_plus,97.33794484215254,0.800632356834189,11.459744,3.881746292114258,,,0.0009121395424954675
n03001627_6675_chair.jpg,epsilon,104.24665451529303,0.059406494334515274,9.973278,1.6315844058990479,,,3.322247935223295
n03001627_6675_chair.jpg,alpha_beta,4265466.795318159,2.982815255608625e-05,5.5080743,6.450795888900757,,,1.0248758904443456e-05
n03001627_6675_chair.jpg,composite,1943.8754559512481,0.013560623855810711,10.857,5.138243198394775,,,25.58743068491299
n02970849_5009_cart.jpg,z_plus,96.83770535106353,0.7708079327971723,11.369783,4.084072589874268,,,0.0006776062631337566
n02970849_5009_cart.jpg,epsilon,94.87119769196374,0.06854882309295571,10.721585,1.6056547164916992,,,11.05783804352462
n02970849_5009_cart.jpg,alpha_beta,4577151.24981123,3.728519069510781e-06,6.728491,6.619970083236694,,,0.010971652096220552
n02970849_5009_cart.jpg,composite,9089.977980283666,0.02362762534348982,10.292682,5.097504615783691,,,55.4631215348642
n02444819_7927_otter.jpg,z_plus,96.70724138258558,0.7739398888155613,10.944392,4.008628606796265,,,0.008918163251312823
n02444819_7927_otter.jpg,epsilon,98.60473435708906,0.027840851892037003,10.688107,1.599485158920288,,,3.414735052327794
n02444819_7927_otter.jpg,alpha_beta,6573347.730371321,0.0,7.2536545,6.451977491378784,,,0.005264046479694149
n02444819_7927_otter.jpg,composite,5593.227954399488,0.008456281249650451,10.4506445,5.124696493148804,,,26.207675010262072
n04023962_20755_punching_bag.jpg,z_plus,96.44116886804632,0.6392135807578588,11.363438,4.030357837677002,,,0.008069907923858824
n04023962_20755_punching_bag.jpg,epsilon,100.5629537905263,0.00768820632133123,11.023666,1.650658369064331,,,4.9426965706095585
n04023962_20755_punching_bag.jpg,alpha_beta,29931131.62118112,3.728519069510781e-06,7.621719,6.45562219619751,,,0.06947206587329781
n04023962_20755_punching_bag.jpg,composite,11130.760828944607,0.020160102608844793,10.596772,5.1087870597839355,,,34.51794465914173
