Model,Image_Index,File_Name,Method,Initial_Sum(R_out),Final_Sum(R_in),Absolute_Error,RCE_Value,RCE_Percentage(%),Leakage_Percentage(%),Propagation_Continuity,Inference_Time(s)
DeiT-Tiny,0,n03950228_34570_pitcher.jpg,Conventional LRP (z+),6.868456,-78.65587,85.52432,12.451753917670016,1245.1753917670017,1245.1754570007324,-11.451754570007324,2.875875473022461
DeiT-Tiny,1,n02129604_9026_tiger.jpg,Conventional LRP (z+),4.8073344,3.5657048,1.2416296,0.25827818308403716,25.827818308403717,25.827819108963013,0.7417218089103699,0.08209013938903809
DeiT-Tiny,2,n01662784_2198_turtle.jpg,Conventional LRP (z+),14.194602,19.450441,5.2558393,0.3702702860419044,37.027028604190434,37.02702522277832,1.3702702522277832,0.07550811767578125
DeiT-Tiny,3,n04254120_621_soap_dispenser.jpg,Conventional LRP (z+),16.99028,14.642555,2.347725,0.1381804710397128,13.81804710397128,13.818049430847168,0.8618195056915283,0.07472991943359375
DeiT-Tiny,4,n02787622_3030_banjo.jpg,Conventional LRP (z+),3.5156388,3.0335982,0.48204064,0.13711324373757383,13.711324373757384,13.711327314376831,0.8628867268562317,0.07507991790771484
DeiT-Tiny,5,n02691156_2138_airplane.jpg,Conventional LRP (z+),6.356078,5.982813,0.37326527,0.058725720117797676,5.872572011779767,5.8725714683532715,0.9412742853164673,0.0735626220703125
DeiT-Tiny,6,n02484322_3182_monkey.jpg,Conventional LRP (z+),7.3787794,-1.73443,9.11321,1.2350565337697201,123.50565337697202,123.50564897060394,-0.23505648970603943,0.07570981979370117
DeiT-Tiny,7,n02274259_3025_butterfly.jpg,Conventional LRP (z+),15.199478,157.93535,142.73587,9.390840195223396,939.0840195223395,939.0840530395508,10.390840530395508,0.07660698890686035
DeiT-Tiny,8,n04252225_8055_snowplow.jpg,Conventional LRP (z+),14.331438,3.8262715,10.505167,0.733015553594737,73.3015553594737,73.30155074596405,0.2669844925403595,0.07553791999816895
DeiT-Tiny,9,n02121808_538_domestic_cat.jpg,Conventional LRP (z+),3.7431953,-5.161957,8.905152,2.379024233542836,237.9024233542836,237.90241479873657,-1.3790241479873657,0.07708263397216797
DeiT-Tiny,10,n04026417_1879_purse.jpg,Conventional LRP (z+),27.159372,24.25341,2.905962,0.10699665496578406,10.699665496578406,10.699665546417236,0.8930033445358276,0.07743549346923828
DeiT-Tiny,11,n04254120_4148_soap_dispenser.jpg,Conventional LRP (z+),29.403187,29.121962,0.2812252,0.00956444641151695,0.9564446411516949,0.9564459323883057,0.9904355406761169,0.07711577415466309
DeiT-Tiny,12,n07695742_612_pretzel.jpg,Conventional LRP (z+),32.57431,30.90389,1.6704197,0.051280278152248844,5.128027815224884,5.128026008605957,0.9487197399139404,0.0743401050567627
DeiT-Tiny,13,n03642806_7780_laptop.jpg,Conventional LRP (z+),7.7275176,7.1688833,0.5586343,0.07229155721847087,7.229155721847087,7.2291553020477295,0.9277084469795227,0.07468295097351074
DeiT-Tiny,14,n02076196_1965_seal.jpg,Conventional LRP (z+),9.676327,5.3660164,4.3103104,0.44544902977390843,44.54490297739084,44.54490542411804,0.5545509457588196,0.07601189613342285
DeiT-Tiny,15,n03793489_3923_computer_mouse.jpg,Conventional LRP (z+),6.931122,17.25125,10.3201275,1.4889548538484667,148.89548538484667,148.8954782485962,2.488954782485962,0.07608509063720703
DeiT-Tiny,16,n03188531_17375_diaper.jpg,Conventional LRP (z+),15.826946,14.3157015,1.5112448,0.09548555666279235,9.548555666279235,9.548556804656982,0.9045144319534302,0.0745694637298584
DeiT-Tiny,17,n01674464_3490_lizard.jpg,Conventional LRP (z+),4.9230547,4.2656913,0.6573634,0.1335275464806915,13.352754648069151,13.352751731872559,0.8664724826812744,0.07591938972473145
DeiT-Tiny,18,n01674464_134_lizard.jpg,Conventional LRP (z+),8.985606,10.554342,1.5687361,0.17458322147567204,17.458322147567205,17.458319664001465,1.1745831966400146,0.07558822631835938
DeiT-Tiny,19,n02118333_12193_fox.jpg,Conventional LRP (z+),7.6701417,-6.149911,13.820053,1.8017989295185752,180.1798929518575,180.17988801002502,-0.8017988801002502,0.07579493522644043
DeiT-Tiny,20,n02454379_4660_armadillo.jpg,Conventional LRP (z+),8.38083,7.694715,0.6861148,0.08186716631151954,8.186716631151954,8.186715841293335,0.9181328415870667,0.07468366622924805
DeiT-Tiny,21,n02509815_44_red_panda.jpg,Conventional LRP (z+),16.4156,11.995179,4.4204206,0.26928170119042777,26.928170119042775,26.928168535232544,0.7307183146476746,0.07452988624572754
DeiT-Tiny,22,n03483316_230_hair_dryer.jpg,Conventional LRP (z+),51.75641,49.822914,1.9334946,0.03735758752818524,3.7357587528185245,3.7357568740844727,0.9626424312591553,0.07776260375976562
DeiT-Tiny,23,n03814639_2265_neck_brace.jpg,Conventional LRP (z+),15.106878,12.4498,2.6570787,0.17588536118744494,17.588536118744493,17.58853793144226,0.8241146206855774,0.0785377025604248
DeiT-Tiny,24,n01662784_3789_turtle.jpg,Conventional LRP (z+),7.8384156,36.7167,28.878286,3.6841994285602326,368.4199428560233,368.4199333190918,4.684199333190918,0.0770418643951416
DeiT-Tiny,25,n03720891_5553_maraca.jpg,Conventional LRP (z+),12.268166,11.09769,1.170476,0.09540757754290216,9.540757754290215,9.540760517120361,0.9045923948287964,0.07709836959838867
DeiT-Tiny,26,n02419796_445_antelope.jpg,Conventional LRP (z+),6.2513113,3.5176535,2.7336578,0.4372935060074927,43.72935060074927,43.729352951049805,0.562706470489502,0.0769188404083252
DeiT-Tiny,27,n04141076_43723_saxophone.jpg,Conventional LRP (z+),36.109222,31.111908,4.9973145,0.13839440783168835,13.839440783168836,13.839441537857056,0.8616055846214294,0.07491469383239746
DeiT-Tiny,28,n03991062_19806_flower_pot.jpg,Conventional LRP (z+),5.6725464,34.59752,28.924973,5.099116085996794,509.9116085996794,509.911584854126,6.09911584854126,0.07494473457336426
DeiT-Tiny,29,n04118538_8452_rugby_ball.jpg,Conventional LRP (z+),11.506343,10.166569,1.3397741,0.1164378764576776,11.64378764576776,11.643785238265991,0.8835621476173401,0.09874582290649414
DeiT-Tiny,30,n07768694_1682_pomegranate.jpg,Conventional LRP (z+),15.718497,15.250723,0.4677744,0.0297594854598266,2.97594854598266,2.9759466648101807,0.9702405333518982,0.07692456245422363
DeiT-Tiny,31,n03141823_6920_crutch.jpg,Conventional LRP (z+),5.188469,3.9159505,1.2725184,0.2452589410361296,24.52589410361296,24.525892734527588,0.7547410726547241,0.07660174369812012
DeiT-Tiny,32,n02484322_11526_monkey.jpg,Conventional LRP (z+),5.427204,4.934824,0.49238014,0.09072445593316492,9.072445593316491,9.072446823120117,0.9092755317687988,0.0758509635925293
DeiT-Tiny,33,n03255030_9287_dumbbell.jpg,Conventional LRP (z+),15.557161,-0.19992185,15.757083,1.0128507767389219,101.28507767389219,101.28507921472192,-0.012850792147219181,0.07609295845031738
DeiT-Tiny,34,n03793489_1770_computer_mouse.jpg,Conventional LRP (z+),1.5227332,-9.48959,11.012323,7.2319453526014446,723.1945352601444,723.1945037841797,-6.231945037841797,0.07476472854614258
DeiT-Tiny,35,n02787622_7389_banjo.jpg,Conventional LRP (z+),9.219808,39.459385,30.239578,3.2798491545956763,327.9849154595676,327.9849052429199,4.279849052429199,0.07567119598388672
DeiT-Tiny,36,n04442312_5180_toaster.jpg,Conventional LRP (z+),41.608868,39.784817,1.8240509,0.04383803276809687,4.383803276809687,4.38380241394043,0.9561619758605957,0.07689428329467773
DeiT-Tiny,37,n06874185_10683_traffic_light.jpg,Conventional LRP (z+),10.55602,10.180135,0.375885,0.03560859277041614,3.5608592770416143,3.560858964920044,0.9643914103507996,0.07614278793334961
DeiT-Tiny,38,n01443537_2625_goldfish.jpg,Conventional LRP (z+),6.2140374,5.7416005,0.4724369,0.07602736723710743,7.602736723710743,7.602739334106445,0.9239726066589355,0.0755927562713623
DeiT-Tiny,39,n04317175_7903_stethoscope.jpg,Conventional LRP (z+),7.304316,-711.1521,718.4564,98.36053320894082,9836.053320894081,9836.053466796875,-97.36053466796875,0.07654881477355957
DeiT-Tiny,40,n04442312_12329_toaster.jpg,Conventional LRP (z+),10.087836,5.2786374,4.809199,0.4767324458163345,47.67324458163345,47.673243284225464,0.5232675671577454,0.08283066749572754
DeiT-Tiny,41,n02346627_3512_porcupine.jpg,Conventional LRP (z+),5.2137413,-0.028586388,5.2423277,1.0054828931798248,100.54828931798248,100.54828934371471,-0.0054828934371471405,0.07953310012817383
DeiT-Tiny,42,n04116512_9541_rubber_eraser.jpg,Conventional LRP (z+),18.181461,17.776817,0.404644,0.022255857490790967,2.2255857490790967,2.225583791732788,0.9777441620826721,0.07655739784240723
DeiT-Tiny,43,n07753592_9306_banana.jpg,Conventional LRP (z+),13.995239,12.7325735,1.2626657,0.09022109056128626,9.022109056128626,9.0221107006073,0.909778892993927,0.07696986198425293
DeiT-Tiny,44,n02924116_58545_bus.jpg,Conventional LRP (z+),5.9213524,5.754696,0.1666565,0.028145005268247873,2.814500526824787,2.8145015239715576,0.9718549847602844,0.07586956024169922
DeiT-Tiny,45,n07747607_813_orange.jpg,Conventional LRP (z+),7.573555,5.777433,1.7961221,0.23715706502785422,23.715706502785423,23.715704679489136,0.7628429532051086,0.07704448699951172
DeiT-Tiny,46,n02342885_7641_hamster.jpg,Conventional LRP (z+),7.7297654,47.395027,39.66526,5.131496000105517,513.1496000105517,513.1495952606201,6.131495952606201,0.0779120922088623
DeiT-Tiny,47,n02454379_10511_armadillo.jpg,Conventional LRP (z+),7.1829476,5.859583,1.3233647,0.18423700151971806,18.423700151971804,18.4237003326416,0.815762996673584,0.07655072212219238
DeiT-Tiny,48,n04330267_15330_stove.jpg,Conventional LRP (z+),9.770388,8.407635,1.3627529,0.13947787571703282,13.947787571703282,13.947784900665283,0.8605221509933472,0.07580137252807617
DeiT-Tiny,49,n02892767_5122_brassiere.jpg,Conventional LRP (z+),2.6350958,1.7690839,0.866012,0.3286453439197793,32.86453439197793,32.864534854888916,0.6713546514511108,0.0777900218963623
DeiT-Tiny,50,n07873807_1051_pizza.jpg,Conventional LRP (z+),17.22074,15.860041,1.3606987,0.07901511491820111,7.901511491820111,7.901513576507568,0.9209848642349243,0.07509636878967285
DeiT-Tiny,51,n02084071_77_dog.jpg,Conventional LRP (z+),2.2470152,0.47452712,1.7724881,0.7888189125758267,78.88189125758267,78.88189107179642,0.21118108928203583,0.07602858543395996
DeiT-Tiny,52,n03062245_872_cocktail_shaker.jpg,Conventional LRP (z+),5.9221907,5.2610884,0.6611023,0.11163137630531314,11.163137630531313,11.163139343261719,0.8883686065673828,0.07681989669799805
DeiT-Tiny,53,n02118333_6_fox.jpg,Conventional LRP (z+),24.574482,31.353498,6.7790165,0.2758559266630818,27.58559266630818,27.58558988571167,1.2758558988571167,0.07674765586853027
DeiT-Tiny,54,n02992211_25528_cello.jpg,Conventional LRP (z+),10.277993,9.320724,0.95726967,0.09313779934006751,9.313779934006751,9.313780069351196,0.906862199306488,0.07655215263366699
DeiT-Tiny,55,n04542943_3211_waffle_iron.jpg,Conventional LRP (z+),6.220283,14.936607,8.716324,1.4012744769086256,140.12744769086257,140.12744426727295,2.4012744426727295,0.07698512077331543
DeiT-Tiny,56,n02951585_3935_can_opener.jpg,Conventional LRP (z+),26.281746,24.855377,1.4263687,0.05427222065741575,5.427222065741575,5.427223443984985,0.9457277655601501,0.07755541801452637
DeiT-Tiny,57,n03814639_5954_neck_brace.jpg,Conventional LRP (z+),4.3195353,71.569176,67.24964,15.568721500378311,1556.872150037831,1556.8721771240234,16.568721771240234,0.0761260986328125
DeiT-Tiny,58,n02777292_14330_balance_beam.jpg,Conventional LRP (z+),16.668995,16.12088,0.5481148,0.032882293128618,3.2882293128618,3.2882273197174072,0.9671177268028259,0.07474970817565918
DeiT-Tiny,59,n04442312_14257_toaster.jpg,Conventional LRP (z+),11.304127,10.536959,0.76716805,0.06786619282100155,6.786619282100155,6.786620616912842,0.9321337938308716,0.07702493667602539
DeiT-Tiny,60,n01770393_9910_scorpion.jpg,Conventional LRP (z+),10.6671505,142.8289,132.16176,12.3896028693157,1238.96028693157,1238.9602661132812,13.389602661132812,0.0764005184173584
DeiT-Tiny,61,n04252077_2529_snowmobile.jpg,Conventional LRP (z+),17.084011,18.847416,1.7634048,0.10321960329160144,10.321960329160145,10.321962833404541,1.1032196283340454,0.0764617919921875
DeiT-Tiny,62,n03337140_18624_filing_cabinet.jpg,Conventional LRP (z+),3.5746193,-18.804033,22.378653,6.2604296376013036,626.0429637601303,626.0429859161377,-5.260429859161377,0.07654953002929688
DeiT-Tiny,63,n03633091_27358_ladle.jpg,Conventional LRP (z+),5.5018463,5.331189,0.17065716,0.031018161566765845,3.1018161566765845,3.101813793182373,0.9689818620681763,0.0771796703338623
DeiT-Tiny,64,n02206856_5952_bee.jpg,Conventional LRP (z+),5.473348,5.170588,0.30276012,0.055315341974865,5.5315341974865,5.531531572341919,0.9446846842765808,0.07488322257995605
DeiT-Tiny,65,n03062245_2005_cocktail_shaker.jpg,Conventional LRP (z+),30.129517,29.573296,0.556221,0.01846100007636614,1.846100007636614,1.8460988998413086,0.9815390110015869,0.0781698226928711
DeiT-Tiny,66,n02062744_3014_whale.jpg,Conventional LRP (z+),18.542755,16.059038,2.483717,0.13394541143335742,13.394541143335742,13.394540548324585,0.8660545945167542,0.07653641700744629
DeiT-Tiny,67,n03710721_15514_maillot.jpg,Conventional LRP (z+),3.4390388,-2.531402,5.970441,1.7360783901414618,173.60783901414618,173.6078381538391,-0.7360783815383911,0.07653093338012695
DeiT-Tiny,68,n02815834_1310_beaker.jpg,Conventional LRP (z+),13.787334,322.006,308.2187,22.35520507868946,2235.520507868946,2235.520362854004,23.35520362854004,0.0782766342163086
DeiT-Tiny,69,n04517823_9843_vacuum.jpg,Conventional LRP (z+),9.165074,7.9778185,1.1872559,0.1295413233004799,12.95413233004799,12.954133749008179,0.8704586625099182,0.0784311294555664
DeiT-Tiny,70,n03928116_38427_piano.jpg,Conventional LRP (z+),19.82499,18.632982,1.1920071,0.060126492155330745,6.012649215533075,6.012648344039917,0.9398735165596008,0.07769036293029785
DeiT-Tiny,71,n03908714_4340_pencil_sharpener.jpg,Conventional LRP (z+),41.137115,40.401936,0.7351799,0.017871449968074025,1.7871449968074025,1.7871439456939697,0.9821285605430603,0.07807803153991699
DeiT-Tiny,72,n07693725_10941_bagel.jpg,Conventional LRP (z+),20.246847,20.107172,0.13967514,0.006898611883641636,0.6898611883641637,0.6898641586303711,0.9931013584136963,0.07758641242980957
DeiT-Tiny,73,n04591157_2640_tie.jpg,Conventional LRP (z+),7.6058726,267.75357,260.1477,34.20353162122584,3420.3531621225843,3420.3529357910156,35.203529357910156,0.07577848434448242
DeiT-Tiny,74,n03000684_16691_chain_saw.jpg,Conventional LRP (z+),7.484898,6.752837,0.7320609,0.09780506031418472,9.780506031418472,9.780508279800415,0.9021949172019958,0.0772852897644043
DeiT-Tiny,75,n03770439_3065_miniskirt.jpg,Conventional LRP (z+),21.217848,19.88642,1.3314285,0.0627504042260688,6.27504042260688,6.275039911270142,0.9372496008872986,0.07746434211730957
DeiT-Tiny,76,n02411705_3019_sheep.jpg,Conventional LRP (z+),3.4081209,3.2381434,0.16997743,0.04987423654655187,4.987423654655187,4.987424612045288,0.9501257538795471,0.07507514953613281
DeiT-Tiny,77,n04118776_1258_ruler.jpg,Conventional LRP (z+),3.9238524,-57.795193,61.719044,15.729195886336592,1572.9195886336593,1572.9196548461914,-14.729196548461914,0.07769584655761719
DeiT-Tiny,78,n01982650_3364_lobster.jpg,Conventional LRP (z+),1.9170334,1.5639907,0.35304272,0.18416096209827237,18.416096209827238,18.41609477996826,0.8158390522003174,0.07741618156433105
DeiT-Tiny,79,n01776313_1303_tick.jpg,Conventional LRP (z+),26.093992,24.665928,1.4280643,0.05472770641962595,5.472770641962596,5.472773313522339,0.9452722668647766,0.07831072807312012
DeiT-Tiny,80,n04004767_2519_printer.jpg,Conventional LRP (z+),35.442657,34.397682,1.0449753,0.029483547659935237,2.948354765993524,2.9483556747436523,0.9705164432525635,0.07637619972229004
DeiT-Tiny,81,n02503517_6661_elephant.jpg,Conventional LRP (z+),11.61363,11.462641,0.15098953,0.013001062426217418,1.3001062426217418,1.3001084327697754,0.9869989156723022,0.07598304748535156
DeiT-Tiny,82,n04336792_143_stretcher.jpg,Conventional LRP (z+),14.003842,11.882407,2.1214352,0.1514895063550164,15.14895063550164,15.14894962310791,0.8485105037689209,0.07658171653747559
DeiT-Tiny,83,n02807133_2901_bathing_cap.jpg,Conventional LRP (z+),11.264498,11.514771,0.2502737,0.022217919511946124,2.2217919511946125,2.2217869758605957,1.022217869758606,0.0776517391204834
DeiT-Tiny,84,n02062744_3044_whale.jpg,Conventional LRP (z+),30.850328,29.408659,1.4416695,0.04673108964186553,4.673108964186553,4.673111438751221,0.9532688856124878,0.07871222496032715
DeiT-Tiny,85,n04557648_2511_water_bottle.jpg,Conventional LRP (z+),6.442334,1.6643322,4.778002,0.741656929719139,74.1656929719139,74.16569590568542,0.25834304094314575,0.07820796966552734
DeiT-Tiny,86,n07753275_25056_pineapple.jpg,Conventional LRP (z+),5.3783402,4.8614826,0.5168576,0.09609983758581964,9.609983758581963,9.6099853515625,0.903900146484375,0.07853579521179199
DeiT-Tiny,87,n04591713_5607_wine_bottle.jpg,Conventional LRP (z+),22.134785,21.916985,0.21780014,0.009839722560568379,0.9839722560568378,0.983971357345581,0.9901602864265442,0.07745671272277832
DeiT-Tiny,88,n02121808_5315_domestic_cat.jpg,Conventional LRP (z+),2.4686012,0.94282675,1.5257745,0.618072478343539,61.807247834353895,61.80724799633026,0.3819275200366974,0.07776117324829102
DeiT-Tiny,89,n07734744_5110_mushroom.jpg,Conventional LRP (z+),13.965643,12.363461,1.6021824,0.11472313851409728,11.472313851409728,11.472314596176147,0.8852768540382385,0.07673954963684082
DeiT-Tiny,90,n07739125_9099_apple.jpg,Conventional LRP (z+),12.155712,7.203127,4.952585,0.4074286366694717,40.74286366694717,40.74286222457886,0.5925713777542114,0.0775904655456543
DeiT-Tiny,91,n03271574_692_electric_fan.jpg,Conventional LRP (z+),2.5040555,0.62265164,1.8814039,0.7513427407101784,75.13427407101784,75.13427138328552,0.24865728616714478,0.07726573944091797
DeiT-Tiny,92,n03950228_10344_pitcher.jpg,Conventional LRP (z+),18.4989,14.77808,3.7208195,0.20113734231289637,20.113734231289637,20.113736391067505,0.798862636089325,0.07547235488891602
DeiT-Tiny,93,n04530566_8181_watercraft.jpg,Conventional LRP (z+),7.14102,4.443617,2.697403,0.3777335760542696,37.77335760542696,37.7733588218689,0.622266411781311,0.0768284797668457
DeiT-Tiny,94,n03000684_3268_chain_saw.jpg,Conventional LRP (z+),3.3476143,3.2502427,0.09737158,0.02908685702737834,2.908685702737834,2.9086828231811523,0.9709131717681885,0.07622599601745605
DeiT-Tiny,95,n02355227_12248_squirrel.jpg,Conventional LRP (z+),17.512989,15.1564665,2.3565226,0.13455855845275763,13.455855845275764,13.45585584640503,0.8654414415359497,0.07732319831848145
DeiT-Tiny,96,n03001627_6675_chair.jpg,Conventional LRP (z+),7.6409006,4.9628177,2.678083,0.35049310004755097,35.0493100047551,35.049307346343994,0.6495069265365601,0.07584857940673828
DeiT-Tiny,97,n02970849_5009_cart.jpg,Conventional LRP (z+),5.3936434,2.044764,3.3488793,0.6208937264182858,62.089372641828575,62.08937168121338,0.3791062831878662,0.07704353332519531
DeiT-Tiny,98,n02444819_7927_otter.jpg,Conventional LRP (z+),13.793888,12.626609,1.1672792,0.08462293122836975,8.462293122836975,8.462291955947876,0.9153770804405212,0.07672238349914551
DeiT-Tiny,99,n04023962_20755_punching_bag.jpg,Conventional LRP (z+),6.6201077,190.87004,184.24994,27.831864473676305,2783.1864473676305,2783.1863403320312,28.831863403320312,0.07427835464477539
DeiT-Tiny,100,n02777292_18680_balance_beam.jpg,Conventional LRP (z+),9.066078,484.6953,475.62924,52.46251269082674,5246.251269082674,5246.25129699707,53.4625129699707,0.07837653160095215
DeiT-Tiny,101,n07753113_12066_fig.jpg,Conventional LRP (z+),22.838362,18.16285,4.6755123,0.20472187833973157,20.47218783397316,20.47218680381775,0.7952781319618225,0.07603931427001953
DeiT-Tiny,102,n04039381_8917_racket.jpg,Conventional LRP (z+),3.1078308,3.1088145,0.000983715,0.00031652787172691774,0.03165278717269177,0.03165006637573242,1.0003165006637573,0.07609415054321289
DeiT-Tiny,103,n03961711_9189_plate_rack.jpg,Conventional LRP (z+),11.702317,10.142159,1.5601578,0.13332041372958806,13.332041372958805,13.33203911781311,0.8666796088218689,0.0780482292175293
DeiT-Tiny,104,n01982650_8073_lobster.jpg,Conventional LRP (z+),13.763421,12.61925,1.1441708,0.08313127645730084,8.313127645730084,8.313125371932983,0.9168687462806702,0.07770967483520508
DeiT-Tiny,105,n03838899_34130_oboe.jpg,Conventional LRP (z+),26.96174,26.642199,0.31954193,0.0118516803918603,1.18516803918603,1.185166835784912,0.9881483316421509,0.0786888599395752
DeiT-Tiny,106,n07693725_1357_bagel.jpg,Conventional LRP (z+),20.094404,254.23961,234.1452,11.652259009762066,1165.2259009762065,1165.225887298584,12.65225887298584,0.07677292823791504
DeiT-Tiny,107,n02391049_2847_zebra.jpg,Conventional LRP (z+),12.927931,7.8519945,5.0759363,0.39263331333136525,39.26333133313653,39.2633318901062,0.607366681098938,0.07541942596435547
DeiT-Tiny,108,n03633091_11227_ladle.jpg,Conventional LRP (z+),6.8361983,4.9627786,1.8734198,0.27404409160903864,27.404409160903864,27.404409646987915,0.7259559035301208,0.07518243789672852
DeiT-Tiny,109,n04252077_1991_snowmobile.jpg,Conventional LRP (z+),4.1122136,3.5431635,0.5690501,0.13838047514839164,13.838047514839163,13.838046789169312,0.8616195321083069,0.07749342918395996
DeiT-Tiny,110,n07873807_9267_pizza.jpg,Conventional LRP (z+),10.292553,9.334501,0.9580517,0.09308202603046298,9.308202603046297,9.30820107460022,0.9069179892539978,0.07606720924377441
DeiT-Tiny,111,n02355227_12611_squirrel.jpg,Conventional LRP (z+),12.385104,10.091383,2.2937212,0.1851999923156753,18.51999923156753,18.519997596740723,0.8148000240325928,0.07802629470825195
DeiT-Tiny,112,n03337140_6179_filing_cabinet.jpg,Conventional LRP (z+),14.657196,4.6458797,10.011316,0.683030797164234,68.3030797164234,68.30307841300964,0.31696921586990356,0.08083748817443848
DeiT-Tiny,113,n03062245_2732_cocktail_shaker.jpg,Conventional LRP (z+),9.859591,9.858003,0.0015878677,0.00016104804066256314,0.016104804066256313,0.016105175018310547,0.9998389482498169,0.08505463600158691
DeiT-Tiny,114,n02786058_2393_band_aid.jpg,Conventional LRP (z+),35.355705,33.951122,1.404583,0.039727194433748135,3.9727194433748134,3.9727210998535156,0.9602727890014648,0.0831456184387207
DeiT-Tiny,115,n03958227_1109_plastic_bag.jpg,Conventional LRP (z+),13.321711,12.942182,0.379529,0.02848950942406517,2.848950942406517,2.8489530086517334,0.9715104699134827,0.10781574249267578
DeiT-Tiny,116,n04070727_39078_refrigerator.jpg,Conventional LRP (z+),14.691935,16.403797,1.7118626,0.11651716484305541,11.651716484305542,11.651718616485596,1.116517186164856,0.07863354682922363
DeiT-Tiny,117,n03720891_10274_maraca.jpg,Conventional LRP (z+),10.925571,9.437861,1.48771,0.13616770590844035,13.616770590844036,13.616770505905151,0.8638322949409485,0.07710933685302734
DeiT-Tiny,118,n02454379_6001_armadillo.jpg,Conventional LRP (z+),9.64335,9.468239,0.17511082,0.01815871282676196,1.8158712826761962,1.815873384475708,0.9818412661552429,0.07634377479553223
DeiT-Tiny,119,n04070727_16103_refrigerator.jpg,Conventional LRP (z+),9.380709,7.842679,1.5380297,0.16395666048771154,16.395666048771155,16.39566421508789,0.8360433578491211,0.07826733589172363
DeiT-Tiny,120,n02880940_18435_bowl.jpg,Conventional LRP (z+),4.1560626,-2855.2004,2859.3564,687.9964807466321,68799.6480746632,68799.65209960938,-686.9965209960938,0.0786430835723877
DeiT-Tiny,121,n04540053_735_volleyball.jpg,Conventional LRP (z+),6.493714,5.428158,1.065556,0.16409039154695665,16.409039154695666,16.40903949737549,0.8359096050262451,0.07756614685058594
DeiT-Tiny,122,n04332243_12542_strainer.jpg,Conventional LRP (z+),11.573372,10.582881,0.9904909,0.08558360717678122,8.558360717678122,8.55836272239685,0.9144163727760315,0.07553911209106445
DeiT-Tiny,123,n04336792_7621_stretcher.jpg,Conventional LRP (z+),50.21676,42.344193,7.872566,0.1567716918096083,15.67716918096083,15.6771719455719,0.843228280544281,0.0769033432006836
DeiT-Tiny,124,n01882714_14215_koala_bear.jpg,Conventional LRP (z+),3.0734782,2.0716786,1.0017996,0.32594979068762836,32.59497906876284,32.59497880935669,0.6740502119064331,0.07726001739501953
DeiT-Tiny,125,n02503517_9218_elephant.jpg,Conventional LRP (z+),2.9799805,5.371122,2.3911414,0.8024017066269344,80.24017066269344,80.24016618728638,1.8024016618728638,0.07812190055847168
DeiT-Tiny,126,n04509417_2993_unicycle.jpg,Conventional LRP (z+),6.733621,5.122463,1.6111579,0.23927064874521625,23.927064874521626,23.92706274986267,0.7607293725013733,0.09058022499084473
DeiT-Tiny,127,n07753592_862_banana.jpg,Conventional LRP (z+),4.67579,3.0822942,1.5934956,0.3407970982283109,34.07970982283109,34.07971262931824,0.6592028737068176,0.0880882740020752
DeiT-Tiny,128,n04409515_6040_tennis_ball.jpg,Conventional LRP (z+),7.4051776,16.448944,9.043766,1.2212760472853226,122.12760472853226,122.1276044845581,2.221276044845581,0.08365941047668457
DeiT-Tiny,129,n02870880_2338_bookshelf.jpg,Conventional LRP (z+),2.1977696,1.0934559,1.1043137,0.5024701905283974,50.24701905283974,50.24701952934265,0.4975298047065735,0.08145642280578613
DeiT-Tiny,130,n03124170_1312_hat_with_a_wide_brim.jpg,Conventional LRP (z+),12.812672,11.108512,1.7041597,0.13300580718363247,13.300580718363248,13.30057978630066,0.8669942021369934,0.08356976509094238
DeiT-Tiny,131,n02777292_4842_balance_beam.jpg,Conventional LRP (z+),10.186642,12.748931,2.5622892,0.25153424601714364,25.153424601714363,25.153422355651855,1.2515342235565186,0.08162093162536621
DeiT-Tiny,132,n01944390_7154_snail.jpg,Conventional LRP (z+),18.48436,17.09192,1.3924389,0.07533065293952418,7.533065293952418,7.533067464828491,0.9246693253517151,0.08058834075927734
DeiT-Tiny,133,n02445715_13210_skunk.jpg,Conventional LRP (z+),17.67745,17.752527,0.07507706,0.00424705238118739,0.424705238118739,0.42470693588256836,1.0042470693588257,0.07791733741760254
DeiT-Tiny,134,n03761084_13411_microwave.jpg,Conventional LRP (z+),20.250813,19.539528,0.71128464,0.03512375794028788,3.512375794028788,3.512376546859741,0.9648762345314026,0.07926630973815918
DeiT-Tiny,135,n04154565_1120_screwdriver.jpg,Conventional LRP (z+),8.132122,-317.61234,325.74445,40.05651220759833,4005.651220759833,4005.6514739990234,-39.056514739990234,0.07842826843261719
DeiT-Tiny,136,n02870880_1312_bookshelf.jpg,Conventional LRP (z+),6.821156,6.539825,0.28133106,0.041243897844782065,4.124389784478207,4.124391078948975,0.9587560892105103,0.07925677299499512
DeiT-Tiny,137,n02445715_1874_skunk.jpg,Conventional LRP (z+),3.5290406,2.888561,0.64047956,0.18148829713590783,18.148829713590782,18.14882755279541,0.8185117244720459,0.08210444450378418
DeiT-Tiny,138,n03995372_2270_power_drill.jpg,Conventional LRP (z+),6.102776,1.2779932,4.824783,0.7905882188022952,79.05882188022953,79.05882149934769,0.20941178500652313,0.08449625968933105
DeiT-Tiny,139,n03481172_10708_hammer.jpg,Conventional LRP (z+),4.266801,3.376204,0.89059687,0.20872707477006566,20.872707477006568,20.872706174850464,0.7912729382514954,0.07930374145507812
DeiT-Tiny,140,n03110669_126388_trumpet.jpg,Conventional LRP (z+),9.514971,8.727,0.78797054,0.08281376381410395,8.281376381410395,8.281373977661133,0.9171862602233887,0.08017563819885254
DeiT-Tiny,141,n03958227_3676_plastic_bag.jpg,Conventional LRP (z+),11.341574,9.812311,1.5292625,0.13483689133359938,13.483689133359938,13.483691215515137,0.8651630878448486,0.07985997200012207
DeiT-Tiny,142,n03314780_8491_face_powder.jpg,Conventional LRP (z+),7.637435,6.968565,0.66887,0.0875778289040847,8.757782890408471,8.757781982421875,0.9124221801757812,0.07915353775024414
DeiT-Tiny,143,n02317335_14997_starfish.jpg,Conventional LRP (z+),3.2836518,2.127449,1.1562028,0.35210882671558313,35.210882671558316,35.21088361740112,0.6478911638259888,0.0785977840423584
DeiT-Tiny,144,n02777292_15460_balance_beam.jpg,Conventional LRP (z+),5.2662687,6.4612427,1.194974,0.2269109319367468,22.69109319367468,22.691094875335693,1.226910948753357,0.0800776481628418
DeiT-Tiny,145,n07873807_12105_pizza.jpg,Conventional LRP (z+),5.9523773,-2617.0952,2623.0476,440.67226693784875,44067.226693784876,44067.22717285156,-439.6722717285156,0.07975101470947266
DeiT-Tiny,146,n02691156_433_airplane.jpg,Conventional LRP (z+),8.114925,6.9689083,1.1460171,0.14122336560600615,14.122336560600615,14.122337102890015,0.8587766289710999,0.07729220390319824
DeiT-Tiny,147,n04254680_5654_soccer_ball.jpg,Conventional LRP (z+),18.775127,17.09444,1.680687,0.08951667351239169,8.95166735123917,8.951669931411743,0.9104833006858826,0.08521437644958496
DeiT-Tiny,148,n07753113_7675_fig.jpg,Conventional LRP (z+),12.654767,11.506887,1.1478796,0.09070728818073094,9.070728818073095,9.070730209350586,0.9092926979064941,0.07910871505737305
DeiT-Tiny,149,n03636649_2054_lamp.jpg,Conventional LRP (z+),9.110169,6.901351,2.2088184,0.24245635134192525,24.245635134192526,24.24563765525818,0.7575436234474182,0.08001232147216797
DeiT-Tiny,150,n02769748_46333_backpack.jpg,Conventional LRP (z+),23.127485,22.636023,0.4914627,0.021250157621928233,2.1250157621928234,2.1250128746032715,0.9787498712539673,0.07834839820861816
DeiT-Tiny,151,n04254680_8751_soccer_ball.jpg,Conventional LRP (z+),14.835016,12.622464,2.212552,0.1491438926046004,14.91438926046004,14.914387464523315,0.8508561253547668,0.07940244674682617
DeiT-Tiny,152,n03790512_6395_motorcycle.jpg,Conventional LRP (z+),8.505991,47.257515,38.751526,4.555792024245161,455.5792024245161,455.57918548583984,5.555791854858398,0.08016443252563477
DeiT-Tiny,153,n03196217_5430_digital_clock.jpg,Conventional LRP (z+),34.421932,32.835983,1.585949,0.04607379196171621,4.607379196171621,4.60737943649292,0.9539262056350708,0.079803466796875
DeiT-Tiny,154,n03790512_5722_motorcycle.jpg,Conventional LRP (z+),22.253584,21.901554,0.3520298,0.015819016022465743,1.5819016022465742,1.5819013118743896,0.9841809868812561,0.07712173461914062
DeiT-Tiny,155,n03110669_8565_trumpet.jpg,Conventional LRP (z+),17.261848,15.022897,2.2389517,0.12970521027559642,12.970521027559641,12.970519065856934,0.8702948093414307,0.08113694190979004
DeiT-Tiny,156,n07714571_1112_head_cabbage.jpg,Conventional LRP (z+),44.09949,43.73919,0.36030197,0.008170207008783355,0.8170207008783354,0.8170187473297119,0.9918298125267029,0.07967162132263184
DeiT-Tiny,157,n04591157_197_tie.jpg,Conventional LRP (z+),18.828358,14.011992,4.8163652,0.2558037891236478,25.580378912364782,25.580376386642456,0.7441962361335754,0.08470892906188965
DeiT-Tiny,158,n02274259_1690_butterfly.jpg,Conventional LRP (z+),10.3318205,-78.572716,88.90453,8.604924319106251,860.4924319106251,860.492467880249,-7.60492467880249,0.07917976379394531
DeiT-Tiny,159,n03494278_29099_harmonica.jpg,Conventional LRP (z+),7.6394057,3.3418791,4.2975264,0.5625472075124082,56.25472075124082,56.25472366809845,0.4374527633190155,0.07871842384338379
DeiT-Tiny,160,n03476991_14651_hair_spray.jpg,Conventional LRP (z+),6.3602715,5.3280315,1.0322399,0.16229494625612162,16.229494625612162,16.22949242591858,0.8377050757408142,0.08012819290161133
DeiT-Tiny,161,n02084071_35839_dog.jpg,Conventional LRP (z+),7.771783,7.0644407,0.70734215,0.09101414168503508,9.101414168503508,9.101414680480957,0.9089858531951904,0.07834887504577637
DeiT-Tiny,162,n04270147_7710_spatula.jpg,Conventional LRP (z+),15.087557,10.656464,4.431093,0.29369189875711765,29.369189875711765,29.369187355041504,0.706308126449585,0.07866024971008301
DeiT-Tiny,163,n01776313_4044_tick.jpg,Conventional LRP (z+),20.811178,18.468472,2.3427067,0.11256963237922553,11.256963237922553,11.256963014602661,0.8874303698539734,0.08124923706054688
DeiT-Tiny,164,n02129604_7580_tiger.jpg,Conventional LRP (z+),11.08409,10.230577,0.85351276,0.07700341173428496,7.700341173428496,7.7003419399261475,0.9229965806007385,0.0806272029876709
DeiT-Tiny,165,n02342885_1420_hamster.jpg,Conventional LRP (z+),12.702869,11.790356,0.91251373,0.07183524469994539,7.183524469994539,7.18352198600769,0.9281647801399231,0.0800473690032959
DeiT-Tiny,166,n03928116_26188_piano.jpg,Conventional LRP (z+),21.326284,19.63283,1.6934547,0.0794069285539383,7.94069285539383,7.940691709518433,0.9205930829048157,0.08014082908630371
DeiT-Tiny,167,n07745940_2123_strawberry.jpg,Conventional LRP (z+),17.317528,16.265486,1.052042,0.060750126767374374,6.075012676737438,6.075012683868408,0.9392498731613159,0.08066463470458984
DeiT-Tiny,168,n04379243_19752_table.jpg,Conventional LRP (z+),13.010962,-24.390995,37.401955,2.874649544871181,287.46495448711806,287.464964389801,-1.8746496438980103,0.07955360412597656
DeiT-Tiny,169,n04039381_17266_racket.jpg,Conventional LRP (z+),18.424686,10.177613,8.247073,0.44760996088396926,44.76099608839693,44.76099610328674,0.5523900389671326,0.07863116264343262
DeiT-Tiny,170,n07745940_1671_strawberry.jpg,Conventional LRP (z+),5.9328356,4.6625957,1.2702398,0.21410332595708786,21.410332595708788,21.41033411026001,0.7858966588973999,0.07844185829162598
DeiT-Tiny,171,n03804744_1360_nail.jpg,Conventional LRP (z+),7.3385677,5.774542,1.5640259,0.21312413204242356,21.312413204242358,21.312415599822998,0.78687584400177,0.0779120922088623
DeiT-Tiny,172,n01944390_2487_snail.jpg,Conventional LRP (z+),14.206566,2084.0837,2069.8772,145.698631038951,14569.863103895099,14569.862365722656,146.69862365722656,0.07990145683288574
DeiT-Tiny,173,n03063338_8414_coffee_maker.jpg,Conventional LRP (z+),5.2290998,3.6265829,1.6025169,0.30646133478457555,30.646133478457553,30.646133422851562,0.6935386657714844,0.07964444160461426
DeiT-Tiny,174,n03063338_187_coffee_maker.jpg,Conventional LRP (z+),44.382923,43.111923,1.2709999,0.028637138315654172,2.863713831565417,2.86371111869812,0.9713628888130188,0.08012270927429199
DeiT-Tiny,175,n07747607_5642_orange.jpg,Conventional LRP (z+),13.329241,11.95026,1.3789806,0.10345530231563017,10.345530231563018,10.34553050994873,0.8965446949005127,0.07706069946289062
DeiT-Tiny,176,n03372029_58342_flute.jpg,Conventional LRP (z+),24.060709,23.6268,0.43390846,0.01803390176544608,1.8033901765446079,1.8033921718597412,0.9819660782814026,0.07922005653381348
DeiT-Tiny,177,n03584254_2594_iPod.jpg,Conventional LRP (z+),3.4570892,3.2615728,0.19551635,0.056555193495291735,5.655519349529174,5.6555211544036865,0.9434447884559631,0.07912588119506836
DeiT-Tiny,178,n02764044_41120_axe.jpg,Conventional LRP (z+),14.966505,66.04595,51.079445,3.41291735839098,341.291735839098,341.29176139831543,4.412917613983154,0.07957673072814941
DeiT-Tiny,179,n03710721_17219_maillot.jpg,Conventional LRP (z+),8.143077,7.798023,0.34505367,0.042373868886018407,4.237386888601841,4.23738956451416,0.9576261043548584,0.07767891883850098
DeiT-Tiny,180,n01495701_1287_ray.jpg,Conventional LRP (z+),22.904661,26.290855,3.3861942,0.14783865181745326,14.783865181745327,14.783859252929688,1.1478385925292969,0.07789039611816406
DeiT-Tiny,181,n04468005_24186_train.jpg,Conventional LRP (z+),7.116976,5.527935,1.5890408,0.22327471726225792,22.32747172622579,22.327470779418945,0.7767252922058105,0.07950949668884277
DeiT-Tiny,182,n04154565_3382_screwdriver.jpg,Conventional LRP (z+),11.479035,9.043498,2.4355373,0.21217264848037928,21.217264848037928,21.217262744903564,0.7878273725509644,0.07912635803222656
DeiT-Tiny,183,n02131653_3512_bear.jpg,Conventional LRP (z+),5.313045,9.997581,4.6845355,0.8817044614860492,88.17044614860492,88.17044496536255,1.8817044496536255,0.08039522171020508
DeiT-Tiny,184,n04039381_8129_racket.jpg,Conventional LRP (z+),29.12395,28.5218,0.60214996,0.02067542290730502,2.0675422907305023,2.06754207611084,0.9793245792388916,0.07924866676330566
DeiT-Tiny,185,n07718747_4881_artichoke.jpg,Conventional LRP (z+),4.925802,9.334384,4.4085817,0.8949977133087877,89.49977133087877,89.49977159500122,1.8949977159500122,0.07808947563171387
DeiT-Tiny,186,n04256520_823_sofa.jpg,Conventional LRP (z+),11.684223,11.65945,0.024773598,0.0021202605722276755,0.21202605722276754,0.21202564239501953,0.9978797435760498,0.07741737365722656
DeiT-Tiny,187,n07583066_9023_guacamole.jpg,Conventional LRP (z+),17.56482,20.788197,3.2233772,0.1835132582892374,18.35132582892374,18.351328372955322,1.1835132837295532,0.07987308502197266
DeiT-Tiny,188,n04332243_13118_strainer.jpg,Conventional LRP (z+),20.088516,29.413136,9.324619,0.4641766063508138,46.41766063508138,46.41766548156738,1.4641766548156738,0.07975530624389648
DeiT-Tiny,189,n03958227_1879_plastic_bag.jpg,Conventional LRP (z+),1.7709944,0.6295829,1.1414115,0.6445031820831384,64.45031820831385,64.45031762123108,0.3554968237876892,0.07904314994812012
DeiT-Tiny,190,n07745940_13408_strawberry.jpg,Conventional LRP (z+),42.18075,43.282444,1.1016922,0.026118363297329483,2.6118363297329483,2.611839771270752,1.0261183977127075,0.07810354232788086
DeiT-Tiny,191,n07880968_5436_burrito.jpg,Conventional LRP (z+),4.0199537,3.2209284,0.7990253,0.19876479956870174,19.876479956870174,19.876480102539062,0.8012351989746094,0.07784605026245117
DeiT-Tiny,192,n07718472_11793_cucumber.jpg,Conventional LRP (z+),12.030719,11.291997,0.73872185,0.061402968479626736,6.140296847962674,6.1402976512908936,0.9385970234870911,0.07848930358886719
DeiT-Tiny,193,n03211117_11986_tv_or_monitor.jpg,Conventional LRP (z+),3.5139601,2.2574224,1.2565377,0.35758450053354274,35.758450053354274,35.75844764709473,0.6424155235290527,0.07956147193908691
DeiT-Tiny,194,n02346627_2043_porcupine.jpg,Conventional LRP (z+),3.6999066,3.2135625,0.4863441,0.13144766966366397,13.144766966366397,13.14476728439331,0.8685523271560669,0.07875728607177734
DeiT-Tiny,195,n07693725_4210_bagel.jpg,Conventional LRP (z+),19.010477,18.389374,0.6211033,0.03267163073040496,3.267163073040496,3.267163038253784,0.9673283696174622,0.07753348350524902
DeiT-Tiny,196,n00007846_160891_person.jpg,Conventional LRP (z+),3.0997453,2.341315,0.75843024,0.244675021768925,24.4675021768925,24.467504024505615,0.7553249597549438,0.07965660095214844
DeiT-Tiny,197,n04154565_5155_screwdriver.jpg,Conventional LRP (z+),21.247133,20.771542,0.47559166,0.022383803679090982,2.238380367909098,2.2383809089660645,0.9776161909103394,0.0800168514251709
DeiT-Tiny,198,n04154565_11358_screwdriver.jpg,Conventional LRP (z+),4.3086896,2.6533644,1.6553252,0.3841829720454479,38.418297204544785,38.418298959732056,0.6158170104026794,0.0776362419128418
DeiT-Tiny,199,n07718472_10383_cucumber.jpg,Conventional LRP (z+),14.115906,13.178986,0.93692017,0.0663733650369151,6.63733650369151,6.637334823608398,0.933626651763916,0.07880473136901855
DeiT-Tiny,200,n03481172_195_hammer.jpg,Conventional LRP (z+),13.953871,-178.76468,192.71855,13.811117700077515,1381.1117700077516,1381.111717224121,-12.811117172241211,0.07968807220458984
DeiT-Tiny,201,n04330267_1115_stove.jpg,Conventional LRP (z+),3.695134,4.1208944,0.4257605,0.11522194220005749,11.52219422000575,11.522197723388672,1.1152219772338867,0.08015060424804688
DeiT-Tiny,202,n02395003_18939_swine.jpg,Conventional LRP (z+),2.690792,1.5739958,1.1167963,0.4150436822841734,41.504368228417334,41.50437116622925,0.5849562883377075,0.07930541038513184
DeiT-Tiny,203,n03483316_5354_hair_dryer.jpg,Conventional LRP (z+),43.774727,42.347748,1.4269791,0.03259824028650926,3.259824028650926,3.2598257064819336,0.9674017429351807,0.07953572273254395
DeiT-Tiny,204,n02129165_2762_lion.jpg,Conventional LRP (z+),1.9191536,1.521386,0.39776754,0.20726196671770042,20.72619667177004,20.726197957992554,0.7927380204200745,0.09892797470092773
DeiT-Tiny,205,n03928116_13232_piano.jpg,Conventional LRP (z+),4.314807,1.9130367,2.40177,0.5566344331873899,55.66344331873899,55.663445591926575,0.44336554408073425,0.08017563819885254
DeiT-Tiny,206,n02828884_2302_bench.jpg,Conventional LRP (z+),14.450863,13.863481,0.5873823,0.040646868027366154,4.064686802736615,4.064685106277466,0.9593531489372253,0.08590269088745117
DeiT-Tiny,207,n07880968_830_burrito.jpg,Conventional LRP (z+),3.780912,-0.6680362,4.448948,1.1766864705033604,117.66864705033603,117.66865402460098,-0.17668654024600983,0.0817105770111084
DeiT-Tiny,208,n04356056_14405_sunglasses.jpg,Conventional LRP (z+),46.73154,43.363354,3.368187,0.07207523872753356,7.207523872753356,7.20752477645874,0.9279247522354126,0.0786130428314209
DeiT-Tiny,209,n06874185_8872_traffic_light.jpg,Conventional LRP (z+),9.166916,5.720174,3.446742,0.37599800166681135,37.599800166681135,37.599802017211914,0.6240019798278809,0.08281397819519043
DeiT-Tiny,210,n07753113_564_fig.jpg,Conventional LRP (z+),6.2009454,4.8962016,1.3047438,0.2104104595631636,21.04104595631636,21.0410475730896,0.789589524269104,0.08267068862915039
DeiT-Tiny,211,n04468005_9150_train.jpg,Conventional LRP (z+),10.339487,11.169787,0.83030033,0.08030382212849962,8.030382212849963,8.030378818511963,1.0803037881851196,0.07797813415527344
DeiT-Tiny,212,n03017168_55_chime.jpg,Conventional LRP (z+),20.038454,20.268621,0.23016739,0.011486284733530538,1.1486284733530538,1.1486291885375977,1.011486291885376,0.08072686195373535
DeiT-Tiny,213,n04356056_8589_sunglasses.jpg,Conventional LRP (z+),25.533398,24.980299,0.5530987,0.021661773557001742,2.166177355700174,2.1661758422851562,0.9783382415771484,0.07972860336303711
DeiT-Tiny,214,n02355227_10230_squirrel.jpg,Conventional LRP (z+),12.310764,11.722591,0.5881729,0.047777123954927864,4.777712395492786,4.777711629867554,0.9522228837013245,0.08057355880737305
DeiT-Tiny,215,n03636649_4908_lamp.jpg,Conventional LRP (z+),4.163938,3.1907396,0.9731984,0.23372067571142174,23.372067571142175,23.372066020965576,0.7662793397903442,0.07902789115905762
DeiT-Tiny,216,n03584254_3743_iPod.jpg,Conventional LRP (z+),7.192522,15.971815,8.779293,1.2206139931630138,122.06139931630138,122.0613956451416,2.220613956451416,0.07726240158081055
DeiT-Tiny,217,n00007846_147031_person.jpg,Conventional LRP (z+),27.9609,27.46473,0.49617004,0.017745138940741787,1.7745138940741787,1.7745137214660645,0.9822548627853394,0.07998323440551758
DeiT-Tiny,218,n03804744_6191_nail.jpg,Conventional LRP (z+),14.664376,13.1968565,1.4675198,0.10007379339752684,10.007379339752683,10.007381439208984,0.8999261856079102,0.08008933067321777
DeiT-Tiny,219,n02880940_17711_bowl.jpg,Conventional LRP (z+),9.372232,209.80936,200.43712,21.38627267871994,2138.6272678719943,2138.627243041992,22.386272430419922,0.07766413688659668
DeiT-Tiny,220,n03467517_10919_guitar.jpg,Conventional LRP (z+),10.56666,9.195001,1.3716593,0.1298101091705577,12.981010917055771,12.981009483337402,0.870189905166626,0.07782220840454102
DeiT-Tiny,221,n01503061_4034_bird.jpg,Conventional LRP (z+),8.400656,7.5985603,0.8020954,0.09548009552117774,9.548009552117774,9.548008441925049,0.9045199155807495,0.0783083438873291
DeiT-Tiny,222,n04376876_7577_syringe.jpg,Conventional LRP (z+),18.309118,15.854723,2.4543953,0.1340531672658333,13.40531672658333,13.405317068099976,0.8659468293190002,0.08652973175048828
DeiT-Tiny,223,n03000684_2055_chain_saw.jpg,Conventional LRP (z+),14.719922,493.55988,478.83997,32.53006120884495,3253.006120884495,3253.0059814453125,33.530059814453125,0.08259248733520508
DeiT-Tiny,224,n02834778_6714_bicycle.jpg,Conventional LRP (z+),20.260075,19.15979,1.1002846,0.054308021922145344,5.430802192214534,5.430799722671509,0.9456920027732849,0.08268451690673828
DeiT-Tiny,225,n02672831_20_accordion.jpg,Conventional LRP (z+),4.496168,0.50555533,3.9906127,0.8875586106123962,88.75586106123961,88.75586241483688,0.11244137585163116,0.08008694648742676
DeiT-Tiny,226,n01882714_4157_koala_bear.jpg,Conventional LRP (z+),3.4319105,2.9708033,0.46110725,0.134358763697717,13.435876369771698,13.435876369476318,0.8656412363052368,0.07954692840576172
DeiT-Tiny,227,n02672831_2455_accordion.jpg,Conventional LRP (z+),9.848905,9.054691,0.7942133,0.08063975907753877,8.063975907753877,8.06397795677185,0.9193602204322815,0.07921338081359863
DeiT-Tiny,228,n04542943_1490_waffle_iron.jpg,Conventional LRP (z+),11.967493,12.343312,0.3758192,0.03140333605447005,3.140333605447005,3.1403303146362305,1.0314033031463623,0.07870364189147949
DeiT-Tiny,229,n07718472_20689_cucumber.jpg,Conventional LRP (z+),15.774204,13.388483,2.3857212,0.15124193703058486,15.124193703058486,15.12419581413269,0.8487580418586731,0.0789499282836914
DeiT-Tiny,230,n02076196_13108_seal.jpg,Conventional LRP (z+),12.070389,0.57104474,11.499344,0.9526904284049131,95.26904284049131,95.26904448866844,0.04730955511331558,0.08089256286621094
DeiT-Tiny,231,n04252077_7312_snowmobile.jpg,Conventional LRP (z+),13.53898,16.81101,3.2720308,0.24167484874399484,24.167484874399484,24.167490005493164,1.2416749000549316,0.07766151428222656
DeiT-Tiny,232,n03445924_5829_golfcart.jpg,Conventional LRP (z+),3.5898862,3.066784,0.5231023,0.14571556196036659,14.571556196036658,14.571553468704224,0.8542844653129578,0.07818269729614258
DeiT-Tiny,233,n01982650_10568_lobster.jpg,Conventional LRP (z+),9.292946,8.667683,0.6252632,0.06728363893877566,6.7283638938775665,6.728363037109375,0.9327163696289062,0.07956266403198242
DeiT-Tiny,234,n03633091_10052_ladle.jpg,Conventional LRP (z+),14.170683,12.445179,1.7255039,0.1217657562940696,12.17657562940696,12.176573276519775,0.8782342672348022,0.08396077156066895
DeiT-Tiny,235,n02206856_6027_bee.jpg,Conventional LRP (z+),8.022828,7.8978357,0.12499237,0.015579589765482814,1.5579589765482813,1.5579581260681152,0.9844204187393188,0.07915925979614258
DeiT-Tiny,236,n02219486_23711_ant.jpg,Conventional LRP (z+),28.24857,26.904278,1.3442917,0.04758795617987608,4.758795617987608,4.758793115615845,0.9524120688438416,0.08173727989196777
DeiT-Tiny,237,n04004767_12593_printer.jpg,Conventional LRP (z+),7.5082335,6.689365,0.81886864,0.10906275515099123,10.906275515099123,10.906273126602173,0.8909372687339783,0.08033633232116699
DeiT-Tiny,238,n03400231_1761_frying_pan.jpg,Conventional LRP (z+),39.28003,38.751858,0.52817154,0.013446312254538316,1.3446312254538315,1.3446331024169922,0.9865536689758301,0.08053898811340332
DeiT-Tiny,239,n03676483_6851_lipstick.jpg,Conventional LRP (z+),9.963239,6.587716,3.3755226,0.33879772525406965,33.87977252540696,33.87977480888367,0.6612022519111633,0.07911181449890137
DeiT-Tiny,240,n02355227_4298_squirrel.jpg,Conventional LRP (z+),6.5163784,5.587467,0.9289112,0.14255022522596134,14.255022522596134,14.255023002624512,0.8574497699737549,0.07877111434936523
DeiT-Tiny,241,n04536866_11045_violin.jpg,Conventional LRP (z+),11.919926,10.838004,1.0819216,0.09076579884201656,9.076579884201657,9.076577425003052,0.9092342257499695,0.08022928237915039
DeiT-Tiny,242,n03584254_2436_iPod.jpg,Conventional LRP (z+),45.47786,34.654198,10.823662,0.2379984881359353,23.79984881359353,23.799848556518555,0.7620015144348145,0.08162498474121094
DeiT-Tiny,243,n03838899_31925_oboe.jpg,Conventional LRP (z+),11.651994,10.365891,1.2861023,0.11037615726862866,11.037615726862866,11.037617921829224,0.8896238207817078,0.0805966854095459
DeiT-Tiny,244,n03188531_29832_diaper.jpg,Conventional LRP (z+),5.2423644,4.0490627,1.1933017,0.22762661748144628,22.762661748144627,22.762662172317505,0.772373378276825,0.07981085777282715
DeiT-Tiny,245,n04542943_2558_waffle_iron.jpg,Conventional LRP (z+),46.521824,45.78251,0.73931503,0.0158917895137029,1.5891789513702899,1.5891790390014648,0.9841082096099854,0.0795738697052002
DeiT-Tiny,246,n04330267_20413_stove.jpg,Conventional LRP (z+),9.165893,2.8602,6.3056927,0.687951839119795,68.79518391197949,68.79518330097198,0.31204816699028015,0.08080816268920898
DeiT-Tiny,247,n07718747_8558_artichoke.jpg,Conventional LRP (z+),12.323145,11.759729,0.5634155,0.045720108891723135,4.572010889172313,4.572010040283203,0.954279899597168,0.0785977840423584
DeiT-Tiny,248,n04074963_15621_remote_control.jpg,Conventional LRP (z+),4.177507,1.3745904,2.8029165,0.6709543699947627,67.09543699947626,67.09543764591217,0.3290456235408783,0.07968783378601074
DeiT-Tiny,249,n02437136_176_camel.jpg,Conventional LRP (z+),3.358844,2.2175055,1.1413386,0.3398010066128397,33.98010066128397,33.980101346969604,0.660198986530304,0.07935619354248047
DeiT-Tiny,250,n04141076_14874_saxophone.jpg,Conventional LRP (z+),18.77783,12.098839,6.6789913,0.35568493661533246,35.568493661533246,35.568493604660034,0.6443150639533997,0.08042001724243164
DeiT-Tiny,251,n02840245_9812_binder.jpg,Conventional LRP (z+),6.386848,8.501611,2.1147628,0.3311121216134373,33.11121216134373,33.11121463775635,1.3311121463775635,0.08022546768188477
DeiT-Tiny,252,n04509417_4683_unicycle.jpg,Conventional LRP (z+),6.8706675,6.398845,0.47182226,0.068671968866876,6.8671968866876005,6.867194175720215,0.9313280582427979,0.07811355590820312
DeiT-Tiny,253,n04023962_20883_punching_bag.jpg,Conventional LRP (z+),29.481596,17.015947,12.465649,0.4228281485724945,42.28281485724945,42.28281378746033,0.5771718621253967,0.07973146438598633
DeiT-Tiny,254,n07753113_13676_fig.jpg,Conventional LRP (z+),4.435835,534.23596,529.8001,119.4363910112983,11943.63910112983,11943.639373779297,120.43639373779297,0.08056449890136719
DeiT-Tiny,255,n04468005_29645_train.jpg,Conventional LRP (z+),13.006467,113.039116,100.032646,7.690993042587399,769.09930425874,769.0993309020996,8.690993309020996,0.07863020896911621
DeiT-Tiny,256,n03211117_7726_tv_or_monitor.jpg,Conventional LRP (z+),9.195207,8.732746,0.46246052,0.05029365144586153,5.029365144586153,5.029362440109253,0.9497063755989075,0.07915186882019043
DeiT-Tiny,257,n03495258_9079_harp.jpg,Conventional LRP (z+),21.106749,19.031528,2.07522,0.09832021734548994,9.832021734548995,9.832024574279785,0.9016797542572021,0.07870149612426758
DeiT-Tiny,258,n03271574_6116_electric_fan.jpg,Conventional LRP (z+),2.0028968,949.3634,947.36053,472.99518424600666,47299.51842460067,47299.517822265625,473.99517822265625,0.07863426208496094
DeiT-Tiny,259,n02165456_6911_ladybug.jpg,Conventional LRP (z+),9.30445,7.7672524,1.5371976,0.16521101020597034,16.521101020597033,16.5211021900177,0.834788978099823,0.07967638969421387
DeiT-Tiny,260,n02691156_5992_airplane.jpg,Conventional LRP (z+),26.185923,26.341017,0.15509415,0.005922806271040442,0.5922806271040442,0.5922794342041016,1.005922794342041,0.07939481735229492
DeiT-Tiny,261,n02503517_10173_elephant.jpg,Conventional LRP (z+),29.76869,28.418957,1.3497334,0.04534070352649671,4.534070352649671,4.534071683883667,0.9546592831611633,0.07937073707580566
DeiT-Tiny,262,n04442312_18045_toaster.jpg,Conventional LRP (z+),13.209648,9.396615,3.813033,0.2886551606415362,28.865516064153617,28.865516185760498,0.711344838142395,0.07868361473083496
DeiT-Tiny,263,n02924116_29310_bus.jpg,Conventional LRP (z+),5.869579,3.7854252,2.0841537,0.3550772055772462,35.50772055772462,35.507720708847046,0.6449227929115295,0.0796804428100586
DeiT-Tiny,264,n01639765_19901_frog.jpg,Conventional LRP (z+),5.7201815,5.441419,0.27876234,0.048733128869306516,4.873312886930652,4.873311519622803,0.951266884803772,0.08067059516906738
DeiT-Tiny,265,n03793489_12151_computer_mouse.jpg,Conventional LRP (z+),7.445774,5.8653693,1.5804048,0.21225526608877077,21.225526608877075,21.225523948669434,0.7877447605133057,0.08060836791992188
DeiT-Tiny,266,n03710721_2170_maillot.jpg,Conventional LRP (z+),21.517586,27.823124,6.305538,0.2930411547638152,29.30411547638152,29.304111003875732,1.2930411100387573,0.08154916763305664
DeiT-Tiny,267,n02509815_10244_red_panda.jpg,Conventional LRP (z+),25.99314,23.317331,2.675808,0.1029428544700004,10.29428544700004,10.294288396835327,0.8970571160316467,0.07904672622680664
DeiT-Tiny,268,n04141076_45733_saxophone.jpg,Conventional LRP (z+),5.344409,3.1360712,2.2083378,0.41320523709265133,41.32052370926513,41.32052659988403,0.5867947340011597,0.08063054084777832
DeiT-Tiny,269,n07749582_2107_lemon.jpg,Conventional LRP (z+),5.240606,6.3238397,1.0832338,0.2067001159805526,20.67001159805526,20.670008659362793,1.206700086593628,0.07863068580627441
DeiT-Tiny,270,n01443537_2675_goldfish.jpg,Conventional LRP (z+),12.256766,-9.281687,21.538452,1.7572703587249612,175.72703587249612,175.72704553604126,-0.7572704553604126,0.0820467472076416
DeiT-Tiny,271,n01982650_3524_lobster.jpg,Conventional LRP (z+),8.303452,7.6087236,0.6947279,0.08366736342999362,8.366736342999362,8.36673378944397,0.9163326621055603,0.08136677742004395
DeiT-Tiny,272,n04118776_8449_ruler.jpg,Conventional LRP (z+),52.965492,51.064713,1.9007797,0.035887134120570284,3.5887134120570283,3.588712215423584,0.9641128778457642,0.07862043380737305
DeiT-Tiny,273,n03942813_3240_ping-pong_ball.jpg,Conventional LRP (z+),14.607012,13.871148,0.7358637,0.050377428038170406,5.03774280381704,5.037742853164673,0.9496225714683533,0.07958436012268066
DeiT-Tiny,274,n01910747_13396_jellyfish.jpg,Conventional LRP (z+),16.256891,15.307602,0.9492893,0.058393041277518584,5.839304127751858,5.839306116104126,0.9416069388389587,0.08104467391967773
DeiT-Tiny,275,n04554684_8752_washer.jpg,Conventional LRP (z+),37.173252,35.679844,1.4934082,0.04017426828403089,4.017426828403089,4.017424583435059,0.9598257541656494,0.0806276798248291
DeiT-Tiny,276,n01944390_7816_snail.jpg,Conventional LRP (z+),4.9517884,5.4797144,0.52792597,0.10661319157957573,10.661319157957573,10.66131591796875,1.1066131591796875,0.07833242416381836
DeiT-Tiny,277,n04554684_55847_washer.jpg,Conventional LRP (z+),26.477154,27.765333,1.2881794,0.048652487662816844,4.865248766281685,4.86525297164917,1.0486525297164917,0.0835721492767334
DeiT-Tiny,278,n02883205_623_bow_tie.jpg,Conventional LRP (z+),16.954176,12.92045,4.0337257,0.23791930379856585,23.791930379856584,23.791933059692383,0.7620806694030762,0.0879201889038086
DeiT-Tiny,279,n04131690_773_salt_or_pepper_shaker.jpg,Conventional LRP (z+),6.7941055,6.65256,0.1415453,0.02083354388211489,2.083354388211489,2.083355188369751,0.9791664481163025,0.07880568504333496
DeiT-Tiny,280,n03495258_2540_harp.jpg,Conventional LRP (z+),4.6421084,4.2179403,0.4241681,0.09137402007049,9.137402007049001,9.137403964996338,0.9086259603500366,0.07959342002868652
DeiT-Tiny,281,n02510455_7939_giant_panda.jpg,Conventional LRP (z+),13.563622,14.901422,1.3377991,0.09863139988342248,9.863139988342247,9.863138198852539,1.0986313819885254,0.07934427261352539
DeiT-Tiny,282,n02799071_5092_baseball.jpg,Conventional LRP (z+),42.892536,40.76779,2.1247444,0.04953646030961827,4.953646030961827,4.953646659851074,0.9504635334014893,0.07983708381652832
DeiT-Tiny,283,n04023962_18197_punching_bag.jpg,Conventional LRP (z+),2.5042362,-2.5692413,5.0734777,2.0259581344004145,202.59581344004144,202.59580612182617,-1.0259580612182617,0.08007240295410156
DeiT-Tiny,284,n04256520_41397_sofa.jpg,Conventional LRP (z+),2.1574616,1.9956149,0.16184676,0.07501721171673877,7.501721171673877,7.501721382141113,0.9249827861785889,0.07963728904724121
DeiT-Tiny,285,n02445715_7191_skunk.jpg,Conventional LRP (z+),9.463205,9.303942,0.15926361,0.016829774388545344,1.6829774388545344,1.682978868484497,0.983170211315155,0.08040857315063477
DeiT-Tiny,286,n04252225_3650_snowplow.jpg,Conventional LRP (z+),16.885166,16.005383,0.87978363,0.05210393676641592,5.210393676641592,5.210393667221069,0.9478960633277893,0.0815572738647461
DeiT-Tiny,287,n02268443_2033_dragonfly.jpg,Conventional LRP (z+),7.759432,6.7301245,1.0293074,0.13265241407403167,13.265241407403167,13.26524019241333,0.8673475980758667,0.08336853981018066
DeiT-Tiny,288,n03761084_5403_microwave.jpg,Conventional LRP (z+),18.62643,43.69739,25.070961,1.345988485649168,134.5988485649168,134.59885120391846,2.3459885120391846,0.08272552490234375
DeiT-Tiny,289,n03770439_12438_miniskirt.jpg,Conventional LRP (z+),17.268291,16.496622,0.7716694,0.044687072195988706,4.468707219598871,4.468709230422974,0.9553129076957703,0.08206534385681152
DeiT-Tiny,290,n03394916_40519_french_horn.jpg,Conventional LRP (z+),2.9850867,2.1364105,0.8486762,0.2843053805563224,28.430538055632237,28.43053936958313,0.7156946063041687,0.08458352088928223
DeiT-Tiny,291,n02672831_7054_accordion.jpg,Conventional LRP (z+),18.770437,18.632248,0.13818932,0.0073620722851160825,0.7362072285116082,0.7362067699432373,0.9926379323005676,0.08305525779724121
DeiT-Tiny,292,n04074963_2109_remote_control.jpg,Conventional LRP (z+),8.661608,7.268839,1.3927689,0.16079796051017073,16.079796051017073,16.079795360565186,0.8392020463943481,0.08107423782348633
DeiT-Tiny,293,n03128519_21456_cream.jpg,Conventional LRP (z+),7.9712553,34.065277,26.09402,3.273514628527871,327.3514628527871,327.3514747619629,4.273514747619629,0.08010244369506836
DeiT-Tiny,294,n02402425_58691_cattle.jpg,Conventional LRP (z+),6.8119187,5.7575994,1.0543194,0.15477568398811223,15.477568398811222,15.477567911148071,0.8452243208885193,0.0806131362915039
DeiT-Tiny,295,n02118333_2661_fox.jpg,Conventional LRP (z+),14.243556,12.36412,1.8794365,0.13194994914192015,13.194994914192016,13.194996118545532,0.8680500388145447,0.0803980827331543
DeiT-Tiny,296,n07734744_4530_mushroom.jpg,Conventional LRP (z+),11.65859,10.888604,0.76998615,0.06604453297197962,6.604453297197963,6.604450941085815,0.9339554905891418,0.08012700080871582
DeiT-Tiny,297,n03995372_8962_power_drill.jpg,Conventional LRP (z+),3.389302,2.2413056,1.1479964,0.33871175248063295,33.871175248063295,33.87117385864258,0.6612882614135742,0.10029458999633789
DeiT-Tiny,298,n03207941_297_dishwasher.jpg,Conventional LRP (z+),8.047451,8.559191,0.51173973,0.06359028834657059,6.3590288346570585,6.3590288162231445,1.0635902881622314,0.08011245727539062
DeiT-Tiny,299,n02970849_4696_cart.jpg,Conventional LRP (z+),5.5402107,4.351173,1.1890378,0.21461959822144008,21.46195982214401,21.461957693099976,0.7853804230690002,0.07957839965820312
DeiT-Tiny,300,n04254120_1439_soap_dispenser.jpg,Conventional LRP (z+),47.985485,45.020462,2.965023,0.061789998287144085,6.178999828714408,6.178998947143555,0.9382100105285645,0.07981562614440918
DeiT-Tiny,301,n03134739_1193_croquet_ball.jpg,Conventional LRP (z+),16.478695,15.879442,0.5992527,0.03636530100425392,3.636530100425392,3.63653302192688,0.9636346697807312,0.0794980525970459
DeiT-Tiny,302,n03372029_49129_flute.jpg,Conventional LRP (z+),10.587354,9.188287,1.3990669,0.13214510100633156,13.214510100633156,13.214510679244995,0.86785489320755,0.07855939865112305
DeiT-Tiny,303,n01882714_11108_koala_bear.jpg,Conventional LRP (z+),7.755079,-26.88278,34.63786,4.466474199229649,446.64741992296484,446.64740562438965,-3.4664740562438965,0.08105087280273438
DeiT-Tiny,304,n04023962_3468_punching_bag.jpg,Conventional LRP (z+),7.338373,6.453778,0.8845954,0.12054380062301483,12.054380062301483,12.054377794265747,0.8794562220573425,0.08039689064025879
DeiT-Tiny,305,n03991062_7689_flower_pot.jpg,Conventional LRP (z+),4.6938934,4.1354313,0.55846214,0.11897631483166764,11.897631483166764,11.897629499435425,0.8810237050056458,0.07939505577087402
DeiT-Tiny,306,n03961711_1377_plate_rack.jpg,Conventional LRP (z+),9.613222,8.9208355,0.6923866,0.07202440745926883,7.202440745926883,7.202440500259399,0.927975594997406,0.08010649681091309
DeiT-Tiny,307,n02121808_1421_domestic_cat.jpg,Conventional LRP (z+),6.85751,6.545818,0.31169224,0.04545268380556857,4.545268380556857,4.545265436172485,0.9545473456382751,0.07984805107116699
DeiT-Tiny,308,n01910747_17159_jellyfish.jpg,Conventional LRP (z+),18.162964,16.415033,1.7479305,0.09623597444880157,9.623597444880156,9.6235990524292,0.903764009475708,0.0806422233581543
DeiT-Tiny,309,n03124170_6694_hat_with_a_wide_brim.jpg,Conventional LRP (z+),21.777714,23.44449,1.6667767,0.07653588775203626,7.653588775203627,7.653594017028809,1.076535940170288,0.07903814315795898
DeiT-Tiny,310,n02924116_31580_bus.jpg,Conventional LRP (z+),3.3531003,5.530658,2.1775575,0.6494161441791381,64.94161441791381,64.94160890579224,1.6494160890579224,0.08194422721862793
DeiT-Tiny,311,n02129604_4493_tiger.jpg,Conventional LRP (z+),3.5339904,2.928131,0.6058593,0.17143772726438816,17.143772726438815,17.143774032592773,0.8285622596740723,0.08031034469604492
DeiT-Tiny,312,n02691156_7241_airplane.jpg,Conventional LRP (z+),23.384592,22.875822,0.50877,0.02175663307564115,2.175663307564115,2.1756649017333984,0.978243350982666,0.08108258247375488
DeiT-Tiny,313,n07697537_3512_hotdog.jpg,Conventional LRP (z+),35.223846,31.9578,3.2660465,0.09272259717380356,9.272259717380356,9.27225947380066,0.9072774052619934,0.07953882217407227
DeiT-Tiny,314,n04074963_13088_remote_control.jpg,Conventional LRP (z+),24.555288,21.439415,3.1158733,0.12689215034728965,12.689215034728965,12.689214944839478,0.8731078505516052,0.07955479621887207
DeiT-Tiny,315,n04379243_4875_table.jpg,Conventional LRP (z+),10.91847,-54.157368,65.075836,5.9601605256765895,596.0160525676589,596.0160732269287,-4.960160732269287,0.08021998405456543
DeiT-Tiny,316,n07749582_16812_lemon.jpg,Conventional LRP (z+),11.332456,10.069436,1.2630196,0.11145153374767532,11.145153374767531,11.145150661468506,0.8885484933853149,0.08064484596252441
DeiT-Tiny,317,n02274259_379_butterfly.jpg,Conventional LRP (z+),3.8412597,2.9548593,0.88640046,0.23075775293871728,23.07577529387173,23.075777292251587,0.7692422270774841,0.0808711051940918
DeiT-Tiny,318,n04442312_6578_toaster.jpg,Conventional LRP (z+),34.11131,33.44466,0.66664886,0.01954333865404583,1.9543338654045828,1.9543349742889404,0.9804566502571106,0.08066558837890625
DeiT-Tiny,319,n02398521_24812_hippopotamus.jpg,Conventional LRP (z+),6.143092,-15.824337,21.96743,3.57595646545165,357.595646545165,357.5956344604492,-2.575956344604492,0.07989335060119629
DeiT-Tiny,320,n04118538_7671_rugby_ball.jpg,Conventional LRP (z+),11.779265,11.394031,0.38523483,0.03270448703943842,3.2704487039438424,3.270447254180908,0.9672955274581909,0.08046340942382812
DeiT-Tiny,321,n07695742_4248_pretzel.jpg,Conventional LRP (z+),9.813224,9.45818,0.3550434,0.036180099124478574,3.6180099124478575,3.6180078983306885,0.9638199210166931,0.08002710342407227
DeiT-Tiny,322,n02764044_34263_axe.jpg,Conventional LRP (z+),5.070343,-368.95605,374.0264,73.76747417967911,7376.747417967911,7376.747131347656,-72.76747131347656,0.07909369468688965
DeiT-Tiny,323,n01990800_3901_isopod.jpg,Conventional LRP (z+),36.23999,35.61613,0.6238594,0.017214668146036345,1.7214668146036345,1.7214655876159668,0.9827853441238403,0.08106851577758789
DeiT-Tiny,324,n03249569_44884_drum.jpg,Conventional LRP (z+),3.0322127,3.6659312,0.6337185,0.20899539245359142,20.89953924535914,20.899534225463867,1.2089953422546387,0.080291748046875
DeiT-Tiny,325,n03676483_8016_lipstick.jpg,Conventional LRP (z+),10.379295,-3.3088615,13.688157,1.318794447972261,131.8794447972261,131.87944293022156,-0.3187944293022156,0.08065342903137207
DeiT-Tiny,326,n07768694_6136_pomegranate.jpg,Conventional LRP (z+),22.750559,21.741938,1.0086212,0.04433390943433255,4.433390943433254,4.433393478393555,0.9556660652160645,0.07883477210998535
DeiT-Tiny,327,n01784675_23760_centipede.jpg,Conventional LRP (z+),6.083488,5.5548086,0.5286794,0.08690398861277142,8.690398861277142,8.690398931503296,0.913096010684967,0.08085823059082031
DeiT-Tiny,328,n03991062_3915_flower_pot.jpg,Conventional LRP (z+),2.5426018,1.151709,1.3908929,0.5470352650987058,54.703526509870585,54.7035276889801,0.452964723110199,0.07854700088500977
DeiT-Tiny,329,n03636649_5469_lamp.jpg,Conventional LRP (z+),17.250813,16.40082,0.84999275,0.049272621247390035,4.927262124739004,4.927259683609009,0.9507274031639099,0.0806581974029541
DeiT-Tiny,330,n01503061_10156_bird.jpg,Conventional LRP (z+),15.664519,30.467604,14.803084,0.9450072536270774,94.50072536270774,94.50072050094604,1.9450072050094604,0.0818946361541748
DeiT-Tiny,331,n07753592_1896_banana.jpg,Conventional LRP (z+),5.21685,6.847241,1.6303911,0.3125240675649893,31.252406756498928,31.252408027648926,1.3125240802764893,0.08104395866394043
DeiT-Tiny,332,n02510455_4903_giant_panda.jpg,Conventional LRP (z+),4.2182465,0.47307217,3.7451744,0.8878510164400908,88.78510164400907,88.78509849309921,0.11214901506900787,0.080535888671875
DeiT-Tiny,333,n02374451_11795_horse.jpg,Conventional LRP (z+),12.70036,11.464691,1.2356691,0.09729402213332543,9.729402213332543,9.729403257369995,0.9027059674263,0.08048725128173828
DeiT-Tiny,334,n04252225_1431_snowplow.jpg,Conventional LRP (z+),29.862114,28.054327,1.807787,0.060537808687457687,6.053780868745768,6.053781509399414,0.9394621849060059,0.08067822456359863
DeiT-Tiny,335,n04118538_3656_rugby_ball.jpg,Conventional LRP (z+),9.126354,0.5574844,8.56887,0.9389148597105562,93.89148597105562,93.89148876070976,0.061085112392902374,0.07914280891418457
DeiT-Tiny,336,n03445777_9090_golf_ball.jpg,Conventional LRP (z+),7.682215,5.7105603,1.9716549,0.2566518688744334,25.66518688744334,25.66518783569336,0.7433481216430664,0.08007168769836426
DeiT-Tiny,337,n02445715_6015_skunk.jpg,Conventional LRP (z+),26.889793,20.698456,6.1913376,0.23024861121249313,23.024861121249312,23.02486300468445,0.7697513699531555,0.07928252220153809
DeiT-Tiny,338,n04542943_5799_waffle_iron.jpg,Conventional LRP (z+),39.802578,38.510273,1.292305,0.03246787164236029,3.246787164236029,3.246784210205078,0.9675321578979492,0.07984185218811035
DeiT-Tiny,339,n04131690_12417_salt_or_pepper_shaker.jpg,Conventional LRP (z+),6.120782,4.8867955,1.2339864,0.20160600360832376,20.160600360832376,20.160597562789917,0.7983940243721008,0.08158731460571289
DeiT-Tiny,340,n02355227_12960_squirrel.jpg,Conventional LRP (z+),10.570073,9.784514,0.7855587,0.074319135827462,7.4319135827461995,7.431912422180176,0.9256808757781982,0.08081293106079102
DeiT-Tiny,341,n04591713_2972_wine_bottle.jpg,Conventional LRP (z+),12.967686,11.283701,1.6839848,0.1298600841636388,12.98600841636388,12.986010313034058,0.8701398968696594,0.07935452461242676
DeiT-Tiny,342,n00007846_152343_person.jpg,Conventional LRP (z+),23.219357,22.711678,0.507679,0.021864472633761393,2.1864472633761394,2.1864473819732666,0.9781355261802673,0.08104681968688965
DeiT-Tiny,343,n03085013_7532_computer_keyboard.jpg,Conventional LRP (z+),10.100495,13.137795,3.0373,0.30070803537756946,30.070803537756944,30.070805549621582,1.3007080554962158,0.07956838607788086
DeiT-Tiny,344,n07768694_513_pomegranate.jpg,Conventional LRP (z+),6.629586,309.17487,302.5453,45.635621592382726,4563.562159238272,4563.56201171875,46.6356201171875,0.08108758926391602
DeiT-Tiny,345,n03314780_153_face_powder.jpg,Conventional LRP (z+),51.230087,50.830605,0.39948273,0.007797814687635864,0.7797814687635864,0.7797837257385254,0.9922021627426147,0.07984495162963867
DeiT-Tiny,346,n02802426_12389_basketball.jpg,Conventional LRP (z+),6.0290375,5.157579,0.87145853,0.14454355837235666,14.454355837235667,14.45435881614685,0.8554564118385315,0.08051204681396484
DeiT-Tiny,347,n07583066_7105_guacamole.jpg,Conventional LRP (z+),6.166257,6.4359407,0.26968384,0.04373542037238457,4.373542037238457,4.373538494110107,1.043735384941101,0.0796973705291748
DeiT-Tiny,348,n03710721_8217_maillot.jpg,Conventional LRP (z+),3.505353,3.6261864,0.1208334,0.0344711068401774,3.44711068401774,3.447115421295166,1.0344711542129517,0.07962679862976074
DeiT-Tiny,349,n03445924_6750_golfcart.jpg,Conventional LRP (z+),6.464342,5.894312,0.5700302,0.08818069990259225,8.818069990259225,8.818072080612183,0.9118192791938782,0.08054637908935547
DeiT-Tiny,350,n02342885_4388_hamster.jpg,Conventional LRP (z+),11.959067,10.540811,1.4182568,0.11859258909162268,11.859258909162268,11.859256029129028,0.8814074397087097,0.07991862297058105
DeiT-Tiny,351,n04118538_4281_rugby_ball.jpg,Conventional LRP (z+),8.759262,2.4873908,6.2718716,0.7160273896616034,71.60273896616035,71.60273492336273,0.2839726507663727,0.07955265045166016
DeiT-Tiny,352,n02815834_4632_beaker.jpg,Conventional LRP (z+),36.245457,35.29982,0.94563675,0.026089800914480262,2.6089800914480263,2.608978748321533,0.9739102125167847,0.07953500747680664
DeiT-Tiny,353,n02454379_174_armadillo.jpg,Conventional LRP (z+),4.477064,2.1223056,2.3547585,0.525960413060207,52.5960413060207,52.596041560173035,0.47403958439826965,0.0805215835571289
DeiT-Tiny,354,n04487394_23210_trombone.jpg,Conventional LRP (z+),24.944273,24.241032,0.70324135,0.028192497266988265,2.8192497266988266,2.8192520141601562,0.9718074798583984,0.07966446876525879
DeiT-Tiny,355,n03770439_6215_miniskirt.jpg,Conventional LRP (z+),9.604818,7.1272798,2.4775386,0.25794746934725765,25.794746934725765,25.79474449157715,0.7420525550842285,0.0813608169555664
DeiT-Tiny,356,n03642806_21229_laptop.jpg,Conventional LRP (z+),16.510624,16.560457,0.049833298,0.0030182564833444924,0.30182564833444925,0.30182600021362305,1.0030182600021362,0.07874512672424316
DeiT-Tiny,357,n04026417_12310_purse.jpg,Conventional LRP (z+),18.626925,14.546492,4.080433,0.21906100969008596,21.906100969008595,21.9061017036438,0.780938982963562,0.0807332992553711
DeiT-Tiny,358,n02870880_12189_bookshelf.jpg,Conventional LRP (z+),13.499439,13.094243,0.4051962,0.03001577937138851,3.001577937138851,3.0015766620635986,0.969984233379364,0.0800478458404541
DeiT-Tiny,359,n01882714_3175_koala_bear.jpg,Conventional LRP (z+),10.4559765,9.862462,0.59351444,0.056763176846282376,5.676317684628238,5.67631721496582,0.9432368278503418,0.0807030200958252
DeiT-Tiny,360,n03995372_3057_power_drill.jpg,Conventional LRP (z+),3.6389399,0.9855215,2.6534183,0.7291734421909991,72.91734421909992,72.91734516620636,0.2708265483379364,0.08153676986694336
DeiT-Tiny,361,n04517823_17685_vacuum.jpg,Conventional LRP (z+),7.3722606,6.8316946,0.54056597,0.07332431651258259,7.332431651258259,7.332432270050049,0.9266756772994995,0.07942652702331543
DeiT-Tiny,362,n03400231_5440_frying_pan.jpg,Conventional LRP (z+),8.888882,5.627384,3.2614975,0.3669187658669162,36.69187658669162,36.691874265670776,0.6330812573432922,0.07886171340942383
DeiT-Tiny,363,n03481172_6773_hammer.jpg,Conventional LRP (z+),11.844444,11.048012,0.7964325,0.06724101836820985,6.724101836820985,6.724101305007935,0.9327589869499207,0.08052349090576172
DeiT-Tiny,364,n04330267_16662_stove.jpg,Conventional LRP (z+),13.222576,11.868217,1.3543587,0.10242774619063284,10.242774619063285,10.242772102355957,0.8975722789764404,0.07943916320800781
DeiT-Tiny,365,n04376876_14092_syringe.jpg,Conventional LRP (z+),18.67578,18.624407,0.051372528,0.002750756856293412,0.2750756856293412,0.27507543563842773,0.9972492456436157,0.08004450798034668
DeiT-Tiny,366,n04557648_2622_water_bottle.jpg,Conventional LRP (z+),6.470551,-1636.8917,1643.3623,253.97563528847,25397.563528847,25397.56317138672,-252.9756317138672,0.08053779602050781
DeiT-Tiny,367,n03494278_29009_harmonica.jpg,Conventional LRP (z+),31.826984,31.339766,0.48721886,0.015308357543033516,1.5308357543033515,1.5308380126953125,0.9846916198730469,0.08139491081237793
DeiT-Tiny,368,n02062744_305_whale.jpg,Conventional LRP (z+),14.851647,13.116051,1.7355967,0.11686223168539746,11.686223168539746,11.68622374534607,0.8831377625465393,0.08014750480651855
DeiT-Tiny,369,n02402425_20234_cattle.jpg,Conventional LRP (z+),6.6535535,5.9739842,0.67956924,0.10213628638077053,10.213628638077052,10.213631391525269,0.8978636860847473,0.0791921615600586
DeiT-Tiny,370,n04256520_22975_sofa.jpg,Conventional LRP (z+),15.970352,14.860386,1.1099663,0.06950167823434301,6.950167823434302,6.950169801712036,0.9304983019828796,0.07854890823364258
DeiT-Tiny,371,n03797390_759_cup_or_mug.jpg,Conventional LRP (z+),2.2113385,9.270965,7.059626,3.192467383553407,319.2467383553407,319.2467212677002,4.192467212677002,0.08056259155273438
DeiT-Tiny,372,n04118776_19742_ruler.jpg,Conventional LRP (z+),31.403797,-18.498178,49.901978,1.5890427931265818,158.9042793126582,158.90427231788635,-0.5890427231788635,0.08031535148620605
DeiT-Tiny,373,n02510455_12383_giant_panda.jpg,Conventional LRP (z+),9.111265,15.961857,6.8505917,0.7518814919310673,75.18814919310674,75.188148021698,1.75188148021698,0.07833719253540039
DeiT-Tiny,374,n03124170_8316_hat_with_a_wide_brim.jpg,Conventional LRP (z+),19.35837,18.347551,1.0108185,0.05221609517807316,5.221609517807316,5.221611261367798,0.947783887386322,0.08008837699890137
DeiT-Tiny,375,n02165456_4435_ladybug.jpg,Conventional LRP (z+),28.90031,27.46719,1.4331207,0.04958841970498329,4.958841970498328,4.958844184875488,0.9504115581512451,0.08055424690246582
DeiT-Tiny,376,n03761084_45823_microwave.jpg,Conventional LRP (z+),13.561467,12.690878,0.87058926,0.06419580162405865,6.419580162405865,6.419581174850464,0.9358041882514954,0.07947707176208496
DeiT-Tiny,377,n04530566_23960_watercraft.jpg,Conventional LRP (z+),7.5345335,6.6604934,0.8740401,0.11600454448927046,11.600454448927046,11.600452661514282,0.8839954733848572,0.07969212532043457
DeiT-Tiny,378,n03770439_6006_miniskirt.jpg,Conventional LRP (z+),39.96146,30.136274,9.825186,0.24586653609750184,24.586653609750183,24.58665370941162,0.7541334629058838,0.07894754409790039
DeiT-Tiny,379,n03797390_4473_cup_or_mug.jpg,Conventional LRP (z+),4.733395,3.8336222,0.8997729,0.19009038192056066,19.009038192056067,19.00903582572937,0.8099096417427063,0.07883501052856445
DeiT-Tiny,380,n01770393_10111_scorpion.jpg,Conventional LRP (z+),13.112298,13.801294,0.6889963,0.05254580961559272,5.254580961559272,5.254578590393066,1.0525457859039307,0.08014607429504395
DeiT-Tiny,381,n02062744_332_whale.jpg,Conventional LRP (z+),24.064157,24.960825,0.8966675,0.03726153641383743,3.7261536413837426,3.7261486053466797,1.0372614860534668,0.08060169219970703
DeiT-Tiny,382,n07749582_6832_lemon.jpg,Conventional LRP (z+),8.130975,-207.17334,215.30432,26.479521504329927,2647.9521504329928,2647.952079772949,-25.479520797729492,0.08109760284423828
DeiT-Tiny,383,n04517823_16473_vacuum.jpg,Conventional LRP (z+),38.151245,-20.54561,58.696854,1.5385304845453993,153.85304845453993,153.85305285453796,-0.5385305285453796,0.0811774730682373
DeiT-Tiny,384,n03759954_19823_microphone.jpg,Conventional LRP (z+),4.643297,26.926994,22.283697,4.799110671917962,479.9110671917962,479.91108894348145,5.7991108894348145,0.07902812957763672
DeiT-Tiny,385,n03535780_15497_horizontal_bar.jpg,Conventional LRP (z+),21.34334,21.582834,0.23949432,0.011221033100556766,1.1221033100556765,1.1221051216125488,1.0112210512161255,0.07879781723022461
DeiT-Tiny,386,n04554684_16469_washer.jpg,Conventional LRP (z+),5.307186,-6.7463226,12.053509,2.2711675205083117,227.11675205083117,227.1167516708374,-1.271167516708374,0.08394527435302734
DeiT-Tiny,387,n02769748_3207_backpack.jpg,Conventional LRP (z+),5.793733,6.006026,0.21229267,0.03664177599679783,3.664177599679783,3.6641716957092285,1.0366417169570923,0.08048582077026367
DeiT-Tiny,388,n02437136_4411_camel.jpg,Conventional LRP (z+),2.7879655,2.358355,0.4296105,0.15409462028110996,15.409462028110996,15.40946364402771,0.8459053635597229,0.07955312728881836
DeiT-Tiny,389,n03928116_17073_piano.jpg,Conventional LRP (z+),8.83681,8.053529,0.7832813,0.08863846979598311,8.86384697959831,8.863848447799683,0.9113615155220032,0.07921409606933594
DeiT-Tiny,390,n02510455_9574_giant_panda.jpg,Conventional LRP (z+),2.9056485,2.4687543,0.43689418,0.1503603008974553,15.03603008974553,15.036028623580933,0.8496397137641907,0.07970309257507324
DeiT-Tiny,391,n04591157_4545_tie.jpg,Conventional LRP (z+),11.265856,8.636185,2.629671,0.23341955957690058,23.341955957690057,23.34195375442505,0.7665804624557495,0.08056974411010742
DeiT-Tiny,392,n04536866_9751_violin.jpg,Conventional LRP (z+),13.893724,13.178081,0.7156439,0.051508426391479165,5.150842639147917,5.150842666625977,0.9484915733337402,0.08078789710998535
DeiT-Tiny,393,n02219486_8874_ant.jpg,Conventional LRP (z+),9.4829,-10.275153,19.758053,2.0835454892593335,208.35454892593336,208.3545446395874,-1.083545446395874,0.08016681671142578
DeiT-Tiny,394,n02828884_6930_bench.jpg,Conventional LRP (z+),7.531853,1128.0441,1120.5122,148.7697884274334,14876.978842743341,14876.979064941406,149.76979064941406,0.07967948913574219
DeiT-Tiny,395,n03314780_8148_face_powder.jpg,Conventional LRP (z+),4.9176903,9.1734915,4.255801,0.8654065140741863,86.54065140741864,86.54065132141113,1.8654065132141113,0.08110189437866211
DeiT-Tiny,396,n07739125_3030_apple.jpg,Conventional LRP (z+),15.154308,14.761676,0.39263248,0.025908967677229944,2.5908967677229944,2.5908946990966797,0.9740910530090332,0.07913446426391602
DeiT-Tiny,397,n01982650_8985_lobster.jpg,Conventional LRP (z+),17.352585,16.041113,1.3114719,0.07557790099800207,7.557790099800207,7.557791471481323,0.9244220852851868,0.08165550231933594
DeiT-Tiny,398,n01443537_5048_goldfish.jpg,Conventional LRP (z+),12.747225,10.898909,1.8483162,0.14499753635471951,14.49975363547195,14.499753713607788,0.8550024628639221,0.08032917976379395
DeiT-Tiny,399,n04536866_19280_violin.jpg,Conventional LRP (z+),4.8459983,3.479753,1.3662453,0.2819326769268439,28.193267692684387,28.193265199661255,0.7180673480033875,0.08084869384765625
DeiT-Tiny,400,n03759954_16247_microphone.jpg,Conventional LRP (z+),41.412655,40.37344,1.0392151,0.025094143105758696,2.5094143105758695,2.5094151496887207,0.9749058485031128,0.08075976371765137
DeiT-Tiny,401,n02121808_25532_domestic_cat.jpg,Conventional LRP (z+),7.3253446,8.567901,1.2425561,0.16962425239481563,16.96242523948156,16.96242094039917,1.1696242094039917,0.07976412773132324
DeiT-Tiny,402,n01990800_353_isopod.jpg,Conventional LRP (z+),24.311554,22.879349,1.4322052,0.05891047535598798,5.891047535598798,5.891048908233643,0.9410895109176636,0.07870745658874512
DeiT-Tiny,403,n03636649_17304_lamp.jpg,Conventional LRP (z+),19.33711,16.451723,2.8853874,0.14921502453062677,14.921502453062677,14.921504259109497,0.850784957408905,0.08070230484008789
DeiT-Tiny,404,n03961711_5567_plate_rack.jpg,Conventional LRP (z+),3.2503595,2.5096726,0.7406869,0.2278784501252849,22.78784501252849,22.787845134735107,0.7721215486526489,0.08072185516357422
DeiT-Tiny,405,n03483316_5201_hair_dryer.jpg,Conventional LRP (z+),11.116065,14.164084,3.0480194,0.2741994943318636,27.419949433186357,27.41994857788086,1.2741994857788086,0.0805671215057373
DeiT-Tiny,406,n03838899_27257_oboe.jpg,Conventional LRP (z+),3.5033197,3.6548433,0.15152359,0.043251430436624175,4.325143043662417,4.32513952255249,1.043251395225525,0.07869863510131836
DeiT-Tiny,407,n04116512_19943_rubber_eraser.jpg,Conventional LRP (z+),8.429315,5.6577764,2.7715383,0.328797581345839,32.879758134583895,32.87975788116455,0.6712024211883545,0.07942748069763184
DeiT-Tiny,408,n02958343_46237_car.jpg,Conventional LRP (z+),6.3600655,4.8378863,1.5221791,0.23933387730432037,23.933387730432038,23.93338680267334,0.7606661319732666,0.08088159561157227
DeiT-Tiny,409,n03908618_16597_pencil_box.jpg,Conventional LRP (z+),25.697807,22.472778,3.225029,0.12549821673175482,12.549821673175481,12.549823522567749,0.8745017647743225,0.08088493347167969
DeiT-Tiny,410,n04591713_6743_wine_bottle.jpg,Conventional LRP (z+),8.879238,8.078857,0.8003807,0.09014069620605693,9.014069620605692,9.0140700340271,0.909859299659729,0.07912874221801758
DeiT-Tiny,411,n03001627_5399_chair.jpg,Conventional LRP (z+),9.827139,7.5785317,2.2486072,0.22881605532805652,22.88160553280565,22.881603240966797,0.771183967590332,0.07959699630737305
DeiT-Tiny,412,n02802426_12131_basketball.jpg,Conventional LRP (z+),10.513064,10.077208,0.43585682,0.041458589348660445,4.145858934866045,4.14586067199707,0.9585413932800293,0.08062458038330078
DeiT-Tiny,413,n03908714_5365_pencil_sharpener.jpg,Conventional LRP (z+),8.599308,8.2809725,0.31833553,0.03701873832056228,3.701873832056228,3.701871633529663,0.9629812836647034,0.08057904243469238
DeiT-Tiny,414,n04228054_19874_ski.jpg,Conventional LRP (z+),17.49108,16.401905,1.0891743,0.062270272176505166,6.227027217650517,6.2270283699035645,0.9377297163009644,0.07918906211853027
DeiT-Tiny,415,n03642806_23679_laptop.jpg,Conventional LRP (z+),6.489066,5.979653,0.50941324,0.07850332120679991,7.850332120679991,7.85033106803894,0.9214966893196106,0.07939887046813965
DeiT-Tiny,416,n02828884_9371_bench.jpg,Conventional LRP (z+),5.6315703,3.2316477,2.3999226,0.42615513335535554,42.61551333553555,42.6155149936676,0.573844850063324,0.08012962341308594
DeiT-Tiny,417,n04409515_2270_tennis_ball.jpg,Conventional LRP (z+),10.249252,9.090916,1.1583366,0.11301669655512299,11.301669655512299,11.301672458648682,0.8869832754135132,0.07954788208007812
DeiT-Tiny,418,n01443537_4691_goldfish.jpg,Conventional LRP (z+),12.981108,12.471394,0.5097141,0.03926584216573642,3.9265842165736418,3.9265871047973633,0.9607341289520264,0.08154106140136719
DeiT-Tiny,419,n07753113_31494_fig.jpg,Conventional LRP (z+),2.9744844,1.9537057,1.0207788,0.34317838745002005,34.31783874500201,34.3178391456604,0.656821608543396,0.08002638816833496
DeiT-Tiny,420,n02828884_603_bench.jpg,Conventional LRP (z+),6.330414,4.7808585,1.5495553,0.24477946401031198,24.477946401031197,24.477946758270264,0.7552205324172974,0.07965588569641113
DeiT-Tiny,421,n02129165_16177_lion.jpg,Conventional LRP (z+),6.448614,5.233403,1.2152109,0.1884452832374279,18.84452832374279,18.844527006149292,0.8115547299385071,0.08013749122619629
DeiT-Tiny,422,n02268443_40549_dragonfly.jpg,Conventional LRP (z+),13.369293,11.433755,1.9355383,0.14477491524534283,14.477491524534283,14.47749137878418,0.8552250862121582,0.07923269271850586
DeiT-Tiny,423,n07720875_3114_bell_pepper.jpg,Conventional LRP (z+),7.9449673,29.555332,21.610365,2.7200067888384556,272.0006788838456,272.00067043304443,3.7200067043304443,0.08116650581359863
DeiT-Tiny,424,n02131653_4506_bear.jpg,Conventional LRP (z+),5.098372,-103.10011,108.19849,21.222163992095993,2122.2163992095993,2122.2164154052734,-20.222164154052734,0.07960033416748047
DeiT-Tiny,425,n02129165_6654_lion.jpg,Conventional LRP (z+),4.571814,1.6955419,2.8762722,0.6291314920134992,62.91314920134992,62.91314959526062,0.3708685040473938,0.08068537712097168
DeiT-Tiny,426,n04409515_1508_tennis_ball.jpg,Conventional LRP (z+),6.732181,2.3573556,4.3748255,0.6498377613449726,64.98377613449726,64.98377621173859,0.35016223788261414,0.0780477523803711
DeiT-Tiny,427,n07739125_8731_apple.jpg,Conventional LRP (z+),4.6225266,3.3437304,1.2787962,0.2766444184605768,27.66444184605768,27.664440870285034,0.7233555912971497,0.07906174659729004
DeiT-Tiny,428,n02786058_8556_band_aid.jpg,Conventional LRP (z+),14.952925,13.851151,1.1017733,0.0736827932971619,7.368279329716191,7.368278503417969,0.9263172149658203,0.08052802085876465
DeiT-Tiny,429,n02799071_7869_baseball.jpg,Conventional LRP (z+),21.21492,17.426394,3.7885265,0.17857840269998274,17.857840269998274,17.857837677001953,0.8214216232299805,0.08331704139709473
DeiT-Tiny,430,n02445715_10727_skunk.jpg,Conventional LRP (z+),7.9015923,7.216465,0.68512726,0.08670749339310266,8.670749339310266,8.67074728012085,0.9132925271987915,0.07871341705322266
DeiT-Tiny,431,n02951585_1789_can_opener.jpg,Conventional LRP (z+),10.411067,7.940467,2.4706001,0.23730517974837556,23.730517974837557,23.73051643371582,0.7626948356628418,0.07975459098815918
DeiT-Tiny,432,n02437136_3810_camel.jpg,Conventional LRP (z+),3.298026,1.6707433,1.6272827,0.49341111813601257,49.34111181360126,49.3411123752594,0.506588876247406,0.07969927787780762
DeiT-Tiny,433,n03790512_8658_motorcycle.jpg,Conventional LRP (z+),8.243591,8.056642,0.18694973,0.022678189990067158,2.2678189990067157,2.26781964302063,0.9773218035697937,0.08041906356811523
DeiT-Tiny,434,n07753275_24866_pineapple.jpg,Conventional LRP (z+),5.2327223,4.2526207,0.9801016,0.18730242736091557,18.730242736091558,18.730241060256958,0.8126975893974304,0.08040404319763184
DeiT-Tiny,435,n04317175_9155_stethoscope.jpg,Conventional LRP (z+),19.335236,17.469446,1.8657894,0.09649685436314448,9.649685436314448,9.649688005447388,0.9035031199455261,0.07999444007873535
DeiT-Tiny,436,n04409515_22090_tennis_ball.jpg,Conventional LRP (z+),6.4236617,5.2813077,1.142354,0.17783533179949457,17.78353317994946,17.78353452682495,0.8221646547317505,0.07976198196411133
DeiT-Tiny,437,n01784675_2573_centipede.jpg,Conventional LRP (z+),13.354859,12.449448,0.9054117,0.06779642498181075,6.779642498181075,6.7796409130096436,0.9322035908699036,0.0802316665649414
DeiT-Tiny,438,n07734744_5655_mushroom.jpg,Conventional LRP (z+),27.889,26.807425,1.0815754,0.03878143339685924,3.8781433396859235,3.878140449523926,0.9612185955047607,0.0790867805480957
DeiT-Tiny,439,n03950228_18009_pitcher.jpg,Conventional LRP (z+),13.782829,25.631414,11.848585,0.8596627646766903,85.96627646766903,85.96627712249756,1.8596627712249756,0.08046817779541016
DeiT-Tiny,440,n02787622_7140_banjo.jpg,Conventional LRP (z+),14.600817,12.582627,2.0181894,0.13822442044698313,13.822442044698313,13.822442293167114,0.8617755770683289,0.08007550239562988
DeiT-Tiny,441,n01776313_12698_tick.jpg,Conventional LRP (z+),23.043108,23.587202,0.5440941,0.023612009542709495,2.3612009542709496,2.3612022399902344,1.0236120223999023,0.08115768432617188
DeiT-Tiny,442,n04371430_4930_swimming_trunks.jpg,Conventional LRP (z+),22.40794,20.394382,2.0135574,0.08985910538852016,8.985910538852016,8.985912799835205,0.910140872001648,0.07888364791870117
DeiT-Tiny,443,n02892767_14415_brassiere.jpg,Conventional LRP (z+),9.653959,9.679596,0.025636673,0.0026555605055478557,0.2655560505547856,0.2655506134033203,1.0026555061340332,0.0793006420135498
DeiT-Tiny,444,n02219486_28997_ant.jpg,Conventional LRP (z+),52.635864,52.302944,0.33292007,0.006324966430225412,0.6324966430225412,0.6324946880340576,0.9936750531196594,0.07959270477294922
DeiT-Tiny,445,n02769748_3362_backpack.jpg,Conventional LRP (z+),36.170265,30.433495,5.7367706,0.1586046051462307,15.860460514623071,15.860462188720703,0.841395378112793,0.08014607429504395
DeiT-Tiny,446,n04332243_12293_strainer.jpg,Conventional LRP (z+),9.798698,8.680005,1.1186934,0.11416754583892506,11.416754583892507,11.416757106781006,0.8858324289321899,0.07857799530029297
DeiT-Tiny,447,n03249569_39070_drum.jpg,Conventional LRP (z+),10.946439,196.36067,185.41423,16.938315181539682,1693.8315181539683,1693.8316345214844,17.938316345214844,0.0790855884552002
DeiT-Tiny,448,n03196217_5137_digital_clock.jpg,Conventional LRP (z+),13.481319,13.585246,0.10392666,0.007708938222377673,0.7708938222377673,0.7708907127380371,1.0077089071273804,0.08071231842041016
DeiT-Tiny,449,n03793489_12136_computer_mouse.jpg,Conventional LRP (z+),8.531421,7.8291636,0.70225716,0.08231421006535519,8.23142100653552,8.231419324874878,0.9176858067512512,0.08089113235473633
DeiT-Tiny,450,n07747607_11507_orange.jpg,Conventional LRP (z+),23.591848,22.714586,0.8772621,0.03718496751742285,3.718496751742285,3.7184953689575195,0.9628150463104248,0.08024978637695312
DeiT-Tiny,451,n04004767_13120_printer.jpg,Conventional LRP (z+),6.770419,5.9511156,0.8193035,0.121012229499435,12.1012229499435,12.101221084594727,0.8789877891540527,0.08064055442810059
DeiT-Tiny,452,n02324045_35129_rabbit.jpg,Conventional LRP (z+),14.61833,12.526326,2.0920038,0.14310826352404912,14.310826352404913,14.310824871063232,0.8568917512893677,0.08008599281311035
DeiT-Tiny,453,n01726692_4835_snake.jpg,Conventional LRP (z+),10.783331,10.117881,0.6654501,0.061710996460050765,6.171099646005077,6.171101331710815,0.9382889866828918,0.08005690574645996
DeiT-Tiny,454,n03764736_9550_milk_can.jpg,Conventional LRP (z+),4.571566,4.6514406,0.079874516,0.01747202461549358,1.747202461549358,1.7472028732299805,1.0174720287322998,0.08049321174621582
DeiT-Tiny,455,n02324045_16987_rabbit.jpg,Conventional LRP (z+),3.7039,3.5040946,0.1998055,0.05394462397458352,5.394462397458352,5.394464731216431,0.9460553526878357,0.0798792839050293
DeiT-Tiny,456,n03207941_20675_dishwasher.jpg,Conventional LRP (z+),7.187332,6.134417,1.0529151,0.14649595617339747,14.649595617339747,14.649593830108643,0.8535040616989136,0.08019900321960449
DeiT-Tiny,457,n02219486_21998_ant.jpg,Conventional LRP (z+),8.097922,5.004517,3.0934052,0.3819998664041675,38.19998664041675,38.19998502731323,0.6180001497268677,0.0797281265258789
DeiT-Tiny,458,n01770393_12410_scorpion.jpg,Conventional LRP (z+),19.173271,20.056725,0.88345337,0.046077341776347085,4.6077341776347085,4.607737064361572,1.0460773706436157,0.08029294013977051
DeiT-Tiny,459,n02840245_10033_binder.jpg,Conventional LRP (z+),3.9828146,4.711758,0.7289436,0.1830222263532949,18.30222263532949,18.302226066589355,1.1830222606658936,0.07892155647277832
DeiT-Tiny,460,n07693725_10869_bagel.jpg,Conventional LRP (z+),7.6881394,9.460552,1.7724128,0.23053858360203164,23.053858360203165,23.053860664367676,1.2305386066436768,0.0805668830871582
DeiT-Tiny,461,n03814639_6968_neck_brace.jpg,Conventional LRP (z+),21.494877,-345.6235,367.11838,17.079343139889673,1707.9343139889672,1707.9343795776367,-16.079343795776367,0.07982611656188965
DeiT-Tiny,462,n02992211_14789_cello.jpg,Conventional LRP (z+),22.994436,20.205753,2.788683,0.12127642119507519,12.127642119507518,12.127643823623657,0.8787235617637634,0.08141207695007324
DeiT-Tiny,463,n03950228_11894_pitcher.jpg,Conventional LRP (z+),8.44056,0.45519352,7.985367,0.946070698845235,94.6070698845235,94.6070697158575,0.05392930284142494,0.08013629913330078
DeiT-Tiny,464,n07697100_9282_hamburger.jpg,Conventional LRP (z+),12.421112,11.428817,0.99229527,0.07988779589789624,7.988779589789624,7.988780736923218,0.9201121926307678,0.08054947853088379
DeiT-Tiny,465,n02129165_10881_lion.jpg,Conventional LRP (z+),4.825758,30468.709,30463.883,6312.766394471926,631276.6394471927,631276.66015625,6313.7666015625,0.07878518104553223
DeiT-Tiny,466,n04070727_10616_refrigerator.jpg,Conventional LRP (z+),3.1330307,-83302.04,83305.17,26589.325504570454,2658932.5504570454,2658932.6171875,-26588.326171875,0.07986950874328613
DeiT-Tiny,467,n04252077_1184_snowmobile.jpg,Conventional LRP (z+),10.285887,-141.46158,151.74747,14.752978571532052,1475.2978571532053,1475.2978324890137,-13.752978324890137,0.07996964454650879
DeiT-Tiny,468,n03942813_8442_ping-pong_ball.jpg,Conventional LRP (z+),3.8809295,9.428737,5.547807,1.4295047766291376,142.95047766291376,142.95048713684082,2.429504871368408,0.08003926277160645
DeiT-Tiny,469,n04540053_3263_volleyball.jpg,Conventional LRP (z+),11.73343,10.316322,1.4171076,0.12077522028869256,12.077522028869256,12.077522277832031,0.8792247772216797,0.07921338081359863
DeiT-Tiny,470,n07615774_3856_popsicle.jpg,Conventional LRP (z+),17.43131,-10.290024,27.721334,1.5903184222090836,159.03184222090835,159.03184413909912,-0.5903184413909912,0.08135151863098145
DeiT-Tiny,471,n02395003_15033_swine.jpg,Conventional LRP (z+),7.9889374,154.82256,146.83362,18.379618114334804,1837.9618114334803,1837.961769104004,19.37961769104004,0.10225367546081543
DeiT-Tiny,472,n03134739_299_croquet_ball.jpg,Conventional LRP (z+),9.973397,-1087.5096,1097.483,110.04104259183052,11004.104259183052,11004.104614257812,-109.04104614257812,0.07896733283996582
DeiT-Tiny,473,n07880968_4922_burrito.jpg,Conventional LRP (z+),6.251579,5.838024,0.41355467,0.066152036321183,6.615203632118299,6.615203619003296,0.933847963809967,0.0817115306854248
DeiT-Tiny,474,n02395003_5550_swine.jpg,Conventional LRP (z+),8.700339,9.277159,0.5768194,0.06629849696162235,6.629849696162235,6.629848480224609,1.066298484802246,0.0786435604095459
DeiT-Tiny,475,n02892767_10638_brassiere.jpg,Conventional LRP (z+),19.007202,446.2544,427.2472,22.47817374823135,2247.8173748231347,2247.8174209594727,23.478174209594727,0.0801692008972168
DeiT-Tiny,476,n03134739_23_croquet_ball.jpg,Conventional LRP (z+),7.5246396,3.164753,4.3598866,0.5794146794670599,57.94146794670599,57.94146656990051,0.4205853343009949,0.07962512969970703
DeiT-Tiny,477,n07747607_3088_orange.jpg,Conventional LRP (z+),8.609037,9.070383,0.46134567,0.05358853158098424,5.358853158098424,5.358850955963135,1.0535885095596313,0.0800333023071289
DeiT-Tiny,478,n04379243_2182_table.jpg,Conventional LRP (z+),17.465841,15.181668,2.284173,0.1307794439034927,13.07794439034927,13.07794451713562,0.8692205548286438,0.0803377628326416
DeiT-Tiny,479,n04468005_3396_train.jpg,Conventional LRP (z+),4.337784,3.5112388,0.826545,0.1905454571797356,19.05454571797356,19.05454397201538,0.8094545602798462,0.08139467239379883
DeiT-Tiny,480,n02129604_20374_tiger.jpg,Conventional LRP (z+),9.605777,8.526868,1.0789089,0.11231875819328876,11.231875819328877,11.2318754196167,0.887681245803833,0.07911849021911621
DeiT-Tiny,481,n03063338_2928_coffee_maker.jpg,Conventional LRP (z+),6.375121,27.268372,20.89325,3.2773102073171523,327.7310207317152,327.7310371398926,4.277310371398926,0.07929396629333496
DeiT-Tiny,482,n01726692_8553_snake.jpg,Conventional LRP (z+),26.067503,23.94937,2.1181335,0.08125571317031478,8.12557131703148,8.12557339668274,0.9187442660331726,0.0797414779663086
DeiT-Tiny,483,n03394916_28561_french_horn.jpg,Conventional LRP (z+),13.263282,10.657665,2.6056166,0.19645338191942985,19.645338191942983,19.645339250564575,0.8035466074943542,0.07952761650085449
DeiT-Tiny,484,n02484322_30035_monkey.jpg,Conventional LRP (z+),2.7441878,135.11455,132.37036,48.23662569382798,4823.662569382798,4823.662567138672,49.23662567138672,0.08098173141479492
DeiT-Tiny,485,n02419796_9300_antelope.jpg,Conventional LRP (z+),14.671983,13.944657,0.72732544,0.04957240279267391,4.957240279267391,4.95724081993103,0.9504275918006897,0.08059477806091309
DeiT-Tiny,486,n03337140_3759_filing_cabinet.jpg,Conventional LRP (z+),17.2191,16.616972,0.602129,0.03496866556403159,3.496866556403159,3.4968674182891846,0.9650313258171082,0.07880520820617676
DeiT-Tiny,487,n02958343_4969_car.jpg,Conventional LRP (z+),11.518622,10.793505,0.7251177,0.0629517713376816,6.29517713376816,6.2951743602752686,0.9370482563972473,0.07951211929321289
DeiT-Tiny,488,n02834778_3678_bicycle.jpg,Conventional LRP (z+),16.782587,14.969118,1.8134689,0.10805657837163075,10.805657837163075,10.805660486221313,0.8919433951377869,0.08025360107421875
DeiT-Tiny,489,n04392985_14368_tape_player.jpg,Conventional LRP (z+),14.061776,13.366525,0.69525146,0.04944264912372779,4.944264912372779,4.944264888763428,0.9505573511123657,0.07964086532592773
DeiT-Tiny,490,n03110669_35490_trumpet.jpg,Conventional LRP (z+),5.4237947,4.611492,0.8123026,0.14976646927984463,14.976646927984463,14.976644515991211,0.8502335548400879,0.08054995536804199
DeiT-Tiny,491,n03211117_3052_tv_or_monitor.jpg,Conventional LRP (z+),11.664727,10.014652,1.650075,0.14145851238629692,14.145851238629692,14.145851135253906,0.8585414886474609,0.07887482643127441
DeiT-Tiny,492,n02131653_14212_bear.jpg,Conventional LRP (z+),4.974831,3.499345,1.475486,0.2965901774132163,29.65901774132163,29.65901494026184,0.7034098505973816,0.07916855812072754
DeiT-Tiny,493,n04019541_26831_puck.jpg,Conventional LRP (z+),6.020878,800.5132,794.4923,131.9562247893881,13195.62247893881,13195.622253417969,132.9562225341797,0.0840599536895752
DeiT-Tiny,494,n01495701_2358_ray.jpg,Conventional LRP (z+),7.6381745,8.748747,1.1105723,0.14539761209147742,14.539761209147741,14.539766311645508,1.145397663116455,0.08120489120483398
DeiT-Tiny,495,n02883205_4699_bow_tie.jpg,Conventional LRP (z+),22.761702,20.010939,2.750763,0.12085049657634221,12.08504965763422,12.085050344467163,0.8791494965553284,0.08160066604614258
DeiT-Tiny,496,n02118333_412_fox.jpg,Conventional LRP (z+),9.813978,-3.637373,13.451351,1.3706318576286427,137.06318576286426,137.0631843805313,-0.3706318438053131,0.08007097244262695
DeiT-Tiny,497,n03916031_14529_perfume.jpg,Conventional LRP (z+),15.184138,9.361158,5.82298,0.38349097014172906,38.349097014172905,38.34909796714783,0.6165090203285217,0.08066463470458984
DeiT-Tiny,498,n03958227_8704_plastic_bag.jpg,Conventional LRP (z+),4.4707394,4.254184,0.2165556,0.04843842990782857,4.843842990782857,4.84384298324585,0.9515615701675415,0.07975006103515625
DeiT-Tiny,499,n07714571_8557_head_cabbage.jpg,Conventional LRP (z+),11.576226,17.652903,6.0766764,0.5249272297488484,52.49272297488484,52.49272584915161,1.5249272584915161,0.07904505729675293
